video_id,title,link
IZliv4xo67c,Flexdashboard - Sesion 1 - 2020-08-12,https://youtu.be/IZliv4xo67c
Gty0tPoESxc,RnoteBooks parte 2,https://youtu.be/Gty0tPoESxc
96niOlwgosg,Probabilidad Condicional - Problema 77,https://youtu.be/96niOlwgosg
kFRAm2f2YS4,Probabilidad Condicional - Problema 76,https://youtu.be/kFRAm2f2YS4
imDMLZZVACs,Probabilidad condicional - Problema 75,https://youtu.be/imDMLZZVACs
JRt_YIAYL1g,R Note Books Parte 1,https://youtu.be/JRt_YIAYL1g
snyzIXkZMbY,Agregando estadisticas al boxplot ggplot2,https://youtu.be/snyzIXkZMbY
-TkVVs2zlsY,Taller. Visualizacion de datos con GGPLOT parte 3,https://youtu.be/-TkVVs2zlsY
6MfVY3NJH1E,Visualizacion con ggplot 2 parte 2,https://youtu.be/6MfVY3NJH1E
_6JsEhMMyao,Introduccion a GGPLOT 2,https://youtu.be/_6JsEhMMyao
rD6TfqD0Y4A,Taller Tidy Data,https://youtu.be/rD6TfqD0Y4A
Qs1m94AmqZM,Manipulacion de datos con dplyr parte3,https://youtu.be/Qs1m94AmqZM
0Ve54pZest8,Manipulacion de Datos con DPLYR Part 2,https://youtu.be/0Ve54pZest8
QYYxoosP9u4,Manipulacion de datos con Dplyr en R sesion 1,https://youtu.be/QYYxoosP9u4
0ttBrNZ4akg,Taller Manipulacion de Datos,https://youtu.be/0ttBrNZ4akg
EwLZW7HTlb4,Probabilidad Condicional - Problema  73 y 74,https://youtu.be/EwLZW7HTlb4
s6oIxMjCmlQ,Probabilidad Condicional - Problema 72,https://youtu.be/s6oIxMjCmlQ
VXKgEvZecX8,Probabilidad Condicional - Problema 71,https://youtu.be/VXKgEvZecX8
4iTLel_-46w,Probabilidad - Problema 70,https://youtu.be/4iTLel_-46w
v1k5tyg-u40,Probabilidad - Problema 69,https://youtu.be/v1k5tyg-u40
r-mS-chnxJw,Probabilidad - ejercicio 68,https://youtu.be/r-mS-chnxJw
Jt9NUEySBx0,Probabilidad - Problema 67,https://youtu.be/Jt9NUEySBx0
NXz_Y-DACaQ,Probabilidad - Problema 66,https://youtu.be/NXz_Y-DACaQ
rzzXYeoEm1I,"Probabilidad - Problemas 63, 64, 65",https://youtu.be/rzzXYeoEm1I
2HNp8TBxXtk,Probabilidad - Problema 62,https://youtu.be/2HNp8TBxXtk
lzlOVbeth1g,Probabilidad - Problema 61 - Paradoja Cumpleaños - Parte 2,https://youtu.be/lzlOVbeth1g
b3ICiZlGXdc,Probabilidad - Problema 60 - Paradoja Cumpleaños - Parte 1,https://youtu.be/b3ICiZlGXdc
yspwVnChwOQ,Probabilidad -  Ejercicio 59,https://youtu.be/yspwVnChwOQ
ae_JpNzrATU,Probabilidad - ejercicios 54 al 58,https://youtu.be/ae_JpNzrATU
TdReXOj88j4,probabilidad - ejercicios 52 y 53,https://youtu.be/TdReXOj88j4
Ae7Ql0eKu64,Probabilidad - ejercicios 50 y 51,https://youtu.be/Ae7Ql0eKu64
hVkucvXz1dc,Probabilidad - ejercicios 48 y 49,https://youtu.be/hVkucvXz1dc
R-QOTvvI6Iw,Probabilidad - ejercicios 46 y 47,https://youtu.be/R-QOTvvI6Iw
Ue1WZM6VNiA,probabilidad - Ejercicio 45,https://youtu.be/Ue1WZM6VNiA
tMQXJnv8SAg,"probabilidad - ejercicio 41, 42, 43, 44",https://youtu.be/tMQXJnv8SAg
KLDTS8gwBXo,"probabilidad - ejercicio 38, 39, 40, 41",https://youtu.be/KLDTS8gwBXo
kko-GoSJxNQ,probabilidad - Ejercicios 35 al 37,https://youtu.be/kko-GoSJxNQ
ETybic7Z4Yw,probabilidad - ejercicio 34,https://youtu.be/ETybic7Z4Yw
CfhfzkmYOMM,probabilidad - ejercicio 31,https://youtu.be/CfhfzkmYOMM
U2k3_wXAWZs,probabilidad - problema 32,https://youtu.be/U2k3_wXAWZs
ZfID7BiL-Go,probabilidad - ejercicio 33,https://youtu.be/ZfID7BiL-Go
bNr_W6Rh9eI,probabilidad - ejercicios 25 y 26,https://youtu.be/bNr_W6Rh9eI
2rF4BlQaJ1Y,probabilidad - Ejercicio 27,https://youtu.be/2rF4BlQaJ1Y
NfpqGtHBVeE,probabilidad - ejercicio 28,https://youtu.be/NfpqGtHBVeE
vVH_-Jp0Yb0,probabilidad - Ejercicio 29,https://youtu.be/vVH_-Jp0Yb0
3YmQGs3lC18,probabilidad - ejercicio 30,https://youtu.be/3YmQGs3lC18
N7VsSnZQEPE,"Probabilidad - ejercicios 9, 10 y 11",https://youtu.be/N7VsSnZQEPE
H1Yfg6WTOek,Probabilidad - Ejercicio 12,https://youtu.be/H1Yfg6WTOek
EDuzZb0_lAM,Probabilidad - Ejercicio 13,https://youtu.be/EDuzZb0_lAM
7_XQNpLGh1A,Probabilidad - Ejercicio 14,https://youtu.be/7_XQNpLGh1A
acsNzez2Un0,Probabilidad - Ejercicio 15,https://youtu.be/acsNzez2Un0
L0JTo2n2aHE,Probabilidad - Ejercicio 16,https://youtu.be/L0JTo2n2aHE
ke7u9Lkylls,probabilidad - Ejercicio 17,https://youtu.be/ke7u9Lkylls
7gBXtZEJIq0,probabilidad - ejercicio 18,https://youtu.be/7gBXtZEJIq0
daTA1qBI_Jw,probabilidad - Ejercicio 19,https://youtu.be/daTA1qBI_Jw
Aczryp_vm6s,probabilidad - Ejercicio 20 - Problema de Monty Hall,https://youtu.be/Aczryp_vm6s
PSqvjPyeoxg,probabilidad - Ejercicio 21 al 24,https://youtu.be/PSqvjPyeoxg
LS39oJtK1GU,Probabilidad - Repaso Conjuntos - Ejercicio 7 y 8,https://youtu.be/LS39oJtK1GU
oXYZA4btTdc,Probabilidad - Repaso Conjuntos - Ejercicio 6,https://youtu.be/oXYZA4btTdc
YBPakMhx5Qo,Probabilidad - Repaso Conjuntos - Ejercicio 4 y 5,https://youtu.be/YBPakMhx5Qo
fD_QMlJz9u4,Probabilidad - Repaso Conjuntos - Ejercicio 2 y 3,https://youtu.be/fD_QMlJz9u4
1kg565G4rZg,Probabilidad - Repaso Conjuntos - Ejercicio 1,https://youtu.be/1kg565G4rZg
7wBeXw4hIEg,Maquinas de soporte vectorial  - Teoría - Support Vector Machines,https://youtu.be/7wBeXw4hIEg
FHKMcoWk150,Visualisaciones con caret -  Visualizando patrones en la Data.,https://youtu.be/FHKMcoWk150
2EsaQPJzoeo,Dilema Varianza Sesgo (Varianze Bias Tradeoff ),https://youtu.be/2EsaQPJzoeo
NNvnbc7Of2U,Traslacion De Ejes - Rotación de Cónicas - Parte 1,https://youtu.be/NNvnbc7Of2U
cfbgN7tAla0,Markov y el Quijote. Generando oraciones basadas en el quijote y sus frecuencias.,https://youtu.be/cfbgN7tAla0
ENO0mr97NVw,"Mineria de texto, el Quijote y Markov - Parte 3 - Creación de la red de palabras",https://youtu.be/ENO0mr97NVw
pVEFutXgplc,"Mineria de texto, el Quijote y Markov - Parte 2 - Creacion de bigramas",https://youtu.be/pVEFutXgplc
DMEB-OnKW5A,Usando Text Mining para analizar el Quijote - Parte 1,https://youtu.be/DMEB-OnKW5A
1-v8LfELriU,Construyendo un Shiny app - parte 2 - Upload y Download,https://youtu.be/1-v8LfELriU
jjjgsu49Tyo,Construyendo un Shiny app - parte 2,https://youtu.be/jjjgsu49Tyo
aIB94_aTPAI,Tutorial construcción de un Shiny App - Parte 1,https://youtu.be/aIB94_aTPAI
n_Psknyd288,Comparacion de modelos con CARET,https://youtu.be/n_Psknyd288
NgfFwRM0QuY,Inputs en un shiny app,https://youtu.be/NgfFwRM0QuY
VEY99t_dTvg,Inputs en un shiny app (No tiene sonido),https://youtu.be/VEY99t_dTvg
p-2I-fra7og,Comparación de modelos con CARET (Audio no funciona),https://youtu.be/p-2I-fra7og
rATHtWg816U,Transformacion de la data y el metodo de BoxCox Libreria CARET R   ReShapping Data,https://youtu.be/rATHtWg816U
VoR9wHHMbqE,Centrado y escalado con CARET   Preprocesado de datos,https://youtu.be/VoR9wHHMbqE
4R3eLkgr_Mo,Imputación de datos con CARET  Prepocesado,https://youtu.be/4R3eLkgr_Mo
1d1IX91xcJo,Usando la función train de caret para entrenar un regresion logistica,https://youtu.be/1d1IX91xcJo
2rn0KiAKMZg,"Train y Test Split, Matriz de Confusion y Curva ROC con Caret",https://youtu.be/2rn0KiAKMZg
DIhnaOfbDz0,Cross Validation con la libreria Caret,https://youtu.be/DIhnaOfbDz0
Qv_hDaSAttk,Introducción Shiny Apps,https://youtu.be/Qv_hDaSAttk
GlzA1aekBmg,Clasificacion con data desbalanceada. Down Sampling.,https://youtu.be/GlzA1aekBmg
FB5oDSWRefU,Introducción a la libreria CARET,https://youtu.be/FB5oDSWRefU
fzZBpgm22PI,Curva ROC y el AUC,https://youtu.be/fzZBpgm22PI
0T8iHwGu1p4,Evalución de Clasificadore. Curva ROC (Receiver Operating Characteristic),https://youtu.be/0T8iHwGu1p4
fHdXQYNQnlE,"Matriz de confusion, ejemplo para modelar la deteccion de fraude en tarjeta de credito",https://youtu.be/fHdXQYNQnlE
MKDNmW_ckjE,Matriz de confusión para evaluación de un modelo de clasificación,https://youtu.be/MKDNmW_ckjE
hX6llK2mA3c,Clasificación por discriminante linea en R usando la funcion lda(),https://youtu.be/hX6llK2mA3c
dbswHd0Yu8Q,Formulación del discriminante lineal parte 3,https://youtu.be/dbswHd0Yu8Q
KAN-gEEBGsQ,Formulación del discriminante lineal parte 2,https://youtu.be/KAN-gEEBGsQ
9EGIrFrATnU,Introduccion al discriminante lineal y fomulación parte 1,https://youtu.be/9EGIrFrATnU
A-5mlhqnduA,Interpretación los coeficientes de la  Regresión Logística,https://youtu.be/A-5mlhqnduA
mHAbIjVntS8,Formulación de la Regresión Logística,https://youtu.be/mHAbIjVntS8
ctZ4VWsSkuM,Por que No Usar la Regresión Lineal para clasificación,https://youtu.be/ctZ4VWsSkuM
Fp8HpRnKkPc,Regresión Logística Introducción Razón de Posibilidades (Odds),https://youtu.be/Fp8HpRnKkPc
tiMdXkxGqaI,Variables Cualitativas Multinomiales en un Modelo de Regresión Lineal,https://youtu.be/tiMdXkxGqaI
KuH7_5_uQJM,Variables Cualitativas Binarias en un modelo de regresión lineal,https://youtu.be/KuH7_5_uQJM
04hhpia3TdQ,Matriz de correlación y modelo de regresión lineal con interacción de variables,https://youtu.be/04hhpia3TdQ
ttkxy1bMkgQ,Regresión Lineal Múltiple con R,https://youtu.be/ttkxy1bMkgQ
QGMYzKSe5KY,Analisis de los parámetros de una regresión lineal. Resultados de la funcion lm() en R,https://youtu.be/QGMYzKSe5KY
fYPh7XmJ894,Regresiones lineal con R -  Función lm(),https://youtu.be/fYPh7XmJ894
V_rE5My3PqY,Introducción a regresiones lineal con R,https://youtu.be/V_rE5My3PqY
nnjAiI2Hjvg,Obtención de conocimiento en base a data,https://youtu.be/nnjAiI2Hjvg
XtUWn357rGA,Resumen de diferentes algoritmos usados en ciencia de datos,https://youtu.be/XtUWn357rGA
VTAAA9a1low,Introducción a la ciencia de datos o minería de datos,https://youtu.be/VTAAA9a1low
qEMpCnPKORA,Técnicas de conteo. Probabilidad. Ejercicios 2.46 2.49 2.53 Mendenhall,https://youtu.be/qEMpCnPKORA
T5BgTr37y2A,Técnicas de conteo. Probabilidad. Ejercicios 2.55 2.56 2.58 2.63 Mendenhall,https://youtu.be/T5BgTr37y2A
EkOeacOfnX4,Técnicas de conteo. Probabilidad. Ejercicios 2.37 2.43 2.44 Mendenhall,https://youtu.be/EkOeacOfnX4
7hcxmVU7t74,Ejemplo 1 de ecuaciones diferenciales de Bernoulli,https://youtu.be/7hcxmVU7t74
R59m9SfuO3M,Introducción a la ecuacion diferencial de Bernoulli,https://youtu.be/R59m9SfuO3M
W0Gan9b1Fi8,Multiplicadores de Lagrange. ¿Como funcionan?,https://youtu.be/W0Gan9b1Fi8
jn6GpD2cDxs,Serie de Fourier en senos y cosenos. Ejemplo 1 GRAFICAS,https://youtu.be/jn6GpD2cDxs
FgqJpbKoS_Q,Serie de Fourier en senos y cosenos. Ejemplo 1 Inciso C,https://youtu.be/FgqJpbKoS_Q
YHDrDFYpkTk,Serie de Fourier en senos y cosenos. Ejemplo 1 Inciso B,https://youtu.be/YHDrDFYpkTk
augm1FR5bP8,Serie de Fourier en senos y cosenos. Ejemplo 1 Inciso A,https://youtu.be/augm1FR5bP8
SuPsBOel0sM,Series de Fourier Ejemplo 22015,https://youtu.be/SuPsBOel0sM
r_UsEl4ixL4,Series de Fourier Ejemplo 12015,https://youtu.be/r_UsEl4ixL4
sPGSc9ohysk,¿Que es? y ¿para que sirve la fiabilidad? video 2,https://youtu.be/sPGSc9ohysk
It2UECFVbao,Introducción al curso de fiabilidad,https://youtu.be/It2UECFVbao
w_JMdrdyL10,Proyecto final sección B UFM 2014,https://youtu.be/w_JMdrdyL10
pHNwFloNIrY,Derivada implicita Ejercicios del 15 al 16,https://youtu.be/pHNwFloNIrY
trdvwF0Pso8,Derivada implicita Ejercicios del 11 al 14,https://youtu.be/trdvwF0Pso8
zZrD8JIvYxo,Derivada implicita Ejercicios del 7 al 10,https://youtu.be/zZrD8JIvYxo
9XGUCcPqwCA,Derivada implicita Ejercicios del 3 al 6,https://youtu.be/9XGUCcPqwCA
h31F5Up3S6U,Proyecto final sección A UFM 2014,https://youtu.be/h31F5Up3S6U
sCcOZfHGKu8,Derivada por regla de la cadena ejercicios 29 al 32,https://youtu.be/sCcOZfHGKu8
k6MREnf7iXI,Derivada por regla de la cadena ejercicios 33 al 36,https://youtu.be/k6MREnf7iXI
zir7Q07N6rY,Derivada por regla de la cadena ejercicios 25 al 28,https://youtu.be/zir7Q07N6rY
pdgpKH9HIWc,Derivada por regla de la cadena ejercicios 21 al 24,https://youtu.be/pdgpKH9HIWc
ud0Iy5LcFrs,Derivada por regla de la cadena ejercicios 17 al 20,https://youtu.be/ud0Iy5LcFrs
cD5XTynvpdI,Derivada por regla de la cadena ejercicios 13 al 16,https://youtu.be/cD5XTynvpdI
Mxync3hJ8G4,Derivada por regla de la cadena ejercicios 7 al 12,https://youtu.be/Mxync3hJ8G4
C_QRQCFWfkQ,Derivada por regla de la cadena ejercicios 1 al 6,https://youtu.be/C_QRQCFWfkQ
SYchneftWPw,Ecuaciones dinamicas de circuitos electricos ejemplo 2,https://youtu.be/SYchneftWPw
x29KA819cCc,Ecuaciones dinamicas de circuitos electricos ejemplo 1,https://youtu.be/x29KA819cCc
7gyNzH5DztQ,Derivada de Trigonmetricas Sección 3.3 stewart ejercios 1 al 4,https://youtu.be/7gyNzH5DztQ
PjmpIvAdaaA,Derivada de Trigonmetricas Sección 3.3 stewart ejercios 5 al 8,https://youtu.be/PjmpIvAdaaA
Pb3Og30aQX8,Derivada de Trigonmetricas Sección 3.3 stewart ejercios 9 al 10,https://youtu.be/Pb3Og30aQX8
T0SYp7TdDms,Derivada de Trigonmetricas Sección 3.3 stewart ejercios 11 al 12,https://youtu.be/T0SYp7TdDms
JdPN6SZJNdo,Derivada de Trigonmetricas Sección 3.3 stewart ejercios 13 al 14,https://youtu.be/JdPN6SZJNdo
9Ogm_9E6qiI,Regla de producto y cociente. Sección 3.2 stewart Ejercicios 21 al 24,https://youtu.be/9Ogm_9E6qiI
WnJeNpReTgA,Regla de producto y cociente. Sección 3.2 stewart Ejercicios 17 al 20,https://youtu.be/WnJeNpReTgA
UCv-c9AOau4,Regla de producto y cociente. Sección 3.2 stewart Ejercicios 13 al 16,https://youtu.be/UCv-c9AOau4
6TMx3j_Wv-o,Regla de producto y cociente. Sección 3.2 stewart Ejercicios 10 al 12,https://youtu.be/6TMx3j_Wv-o
UWWV38VihYM,Regla de producto y cociente. Sección 3.2 stewart Ejercicios 7 al 9,https://youtu.be/UWWV38VihYM
o0mh6Mz-wOY,Regla de producto y cociente. Sección 3.2 stewart Ejercicios 3 al 6,https://youtu.be/o0mh6Mz-wOY
mXNH5kbSTZw,Derivada de polinomios Sección 3.1 stewart Ejercicios 23 al 26,https://youtu.be/mXNH5kbSTZw
Xs96hgUj-Cc,Derivada de polinomios Sección 3.1 stewart Ejercicios 17 al 22,https://youtu.be/Xs96hgUj-Cc
hgH-0SSRlWk,Derivada de polinomios Sección 3.1 stewart Ejercicios 9 al 16,https://youtu.be/hgH-0SSRlWk
Ak0M4r_snkQ,Derivada de polinomios. Ejercicios 3 al 8 Stewart 3.1,https://youtu.be/Ak0M4r_snkQ
59ViAtKOe90,Aplicaciones integrales dobles Momento y centro de masa,https://youtu.be/59ViAtKOe90
Gm5uJU5A1fA,Derivada por definicion ejercicios 22 y 23 libro Stewart Seccion 2.7,https://youtu.be/Gm5uJU5A1fA
1zFCpUFhGRc,Derivada por definicion ejercicio 21 libro Stewart Seccion 2.7,https://youtu.be/1zFCpUFhGRc
hC594Bm7l18,Derivada por definicion ejercicios 19 y 20 libro Stewart Seccion 2.7,https://youtu.be/hC594Bm7l18
zpLN1uNV81I,Integrales dobles sobre regiones polares generales - Ejemplo 2,https://youtu.be/zpLN1uNV81I
90X8D0gW5t8,Calculo de limites por teoremas Ejercicios 23 y 24 de Stewart a,https://youtu.be/90X8D0gW5t8
um9ccaaa220,Calculo de limites por teoremas Ejercicios 21 y 22 de Stewart a,https://youtu.be/um9ccaaa220
N2fJ6WPI5xI,Calculo de limites por teoremas Ejercicios 19 y 20 de Stewart a,https://youtu.be/N2fJ6WPI5xI
4LsmLpztTMg,Calculo de limites por teoremas Ejercicios 17 y 18 de Stewart a,https://youtu.be/4LsmLpztTMg
He7_gKjw5go,Transformada de Fourier - Ejercicio 6,https://youtu.be/He7_gKjw5go
Gbc0PGwT_nY,Transformada de Fourier - Ejercicio 5,https://youtu.be/Gbc0PGwT_nY
CspxxGyikRU,Transformada de Fourier - Ejercicio 4,https://youtu.be/CspxxGyikRU
jjY2tQmd94E,Transformada de Fourier - Ejercicio 3,https://youtu.be/jjY2tQmd94E
RtUkNDFowO4,Transformada de Fourier - Ejercicio 2,https://youtu.be/RtUkNDFowO4
2PkxgrKkzzI,Transformada de Fourier - Ejercicio 1,https://youtu.be/2PkxgrKkzzI
sRUubDmulFg,integrales dobles sobre regiones polares generales - Ejemplo 1,https://youtu.be/sRUubDmulFg
7BQhpkI_hJ8,Integrales dobles sobre regiones polares generales (Intro),https://youtu.be/7BQhpkI_hJ8
iGbdFWAEFTQ,Calculo de limites por teoremas - Ejercicios 13 y 14 de Stewart,https://youtu.be/iGbdFWAEFTQ
cZIZstVW3RY,Calculo de limites por teoremas Ejercicios 11 y 12 de Stewart,https://youtu.be/cZIZstVW3RY
fh7XCrp39Mc,Calculo de limites por teoremas Ejercicios 9 y 10 de Stewart,https://youtu.be/fh7XCrp39Mc
gK6Ecj3vaZA,Calculo de limites por teoremas Ejercicio 8 de Stewart,https://youtu.be/gK6Ecj3vaZA
AYy_InSfjic,Calculo de limites por teoremas - Ejercicio 7 de Stewart,https://youtu.be/AYy_InSfjic
5-dVGqG4mp8,Calculo de limites por teoremas - Ejercicios 5 y 6 de Stewart,https://youtu.be/5-dVGqG4mp8
NkkO-hZpmBA,Calculo de limites por teoremas - Ejercicio 3 y 4 de Stewart,https://youtu.be/NkkO-hZpmBA
TUqcdTkbkvM,Calculo de limites por teoremas - Ejercicio 2 de Stewart,https://youtu.be/TUqcdTkbkvM
Gv-ry11jhNo,Calculo de limites por teoremas - Ejercicio 1 de Stewart,https://youtu.be/Gv-ry11jhNo
AZVqj2Vb5Ms,integrales dobles sobre regiones polares Ejemplo 3,https://youtu.be/AZVqj2Vb5Ms
AaFDclzDr3o,integrales dobles sobre regiones polares Ejemplo 2,https://youtu.be/AaFDclzDr3o
e5zacYV6gDc,Integrales dobles sobre regiones polares Ejemplo 1,https://youtu.be/e5zacYV6gDc
b_5LK57O0xY,integrales dobles sobre regiones polares (Diferencial de área polar),https://youtu.be/b_5LK57O0xY
NbVWYmC2x7I,Integrales dobles sobre regiones polares  ¿Que es una region polar?,https://youtu.be/NbVWYmC2x7I
AgjOjJs3TXE,Grafica de girasol en [R],https://youtu.be/AgjOjJs3TXE
SRa8MkpxUjs,Graficando usando la funcion jitter en [R],https://youtu.be/SRa8MkpxUjs
RlhvZ-90PmI,Graficas de burbujas en [R],https://youtu.be/RlhvZ-90PmI
tVreUxYjPQs,Graficas en [R] Función Points,https://youtu.be/tVreUxYjPQs
J_gNWxRG2JI,Graficando usando [R] Basico,https://youtu.be/J_gNWxRG2JI
ynBoxNhFlkc,"Planos en el espacio ejemplos 3, 4 y 5",https://youtu.be/ynBoxNhFlkc
-MuMSIew1Oo,Planos en el espacio ejemplos 1 y 2,https://youtu.be/-MuMSIew1Oo
FUdihyhQfOs,Ecuación de un plano,https://youtu.be/FUdihyhQfOs
kpXY9l8EAE4,Locus de un sistema clase I,https://youtu.be/kpXY9l8EAE4
HU7_ViBZ354,Locus del sistema clase PT1,https://youtu.be/HU7_ViBZ354
uWHyyMLvYbo,Locus del sistema clase P,https://youtu.be/uWHyyMLvYbo
AUXlTdMTL1c,paso de frecuencia y locus de un sistema,https://youtu.be/AUXlTdMTL1c
2R2OBvRE0pQ,Teorema de Tchebysheff ejemplos,https://youtu.be/2R2OBvRE0pQ
1P5wCsA3bR0,Teorema de Tchebysheff Demostración,https://youtu.be/1P5wCsA3bR0
gKhqRckm5Jk,Ecuaciones de la recta en el espacio  Ejemplos v2014,https://youtu.be/gKhqRckm5Jk
fQW_d41kvU4,Ecuaciones de la recta en el espacio v2014,https://youtu.be/fQW_d41kvU4
Z-n0dC6GbKM,Solución estacionaria por Heaviside Introducción,https://youtu.be/Z-n0dC6GbKM
tAVL4z4mlfY,Función de transfererencia por Heaviside. Ejemplo,https://youtu.be/tAVL4z4mlfY
iDaC4LUuzhw,Respuesta estacionaria por Heaviside. Parte 1,https://youtu.be/iDaC4LUuzhw
dMaeiTfJG3g,Respuesta estacionaria por Heaviside. Parte 2,https://youtu.be/dMaeiTfJG3g
FBcmr2i_cwM,Respuesta estacionaria por Heaviside. parte 3,https://youtu.be/FBcmr2i_cwM
KDYvH8LwpTA,Distribución binomial. Ejemplo 3,https://youtu.be/KDYvH8LwpTA
HorqAygclGM,Varianza de la distribucion binomial,https://youtu.be/HorqAygclGM
KTBYjBrp5Hw,Esperanza de la distribucion binomial,https://youtu.be/KTBYjBrp5Hw
kgokKiPXSQc,Distribución binomial. Ejemplo 2,https://youtu.be/kgokKiPXSQc
sPzKcWnPlSI,Suma de la distribución binomial.,https://youtu.be/sPzKcWnPlSI
TvWX0Zg0LyI,Distribución binomial. Ejemplo 1,https://youtu.be/TvWX0Zg0LyI
dA970vIjYcs,Función de la distribución binomial. Deducción.,https://youtu.be/dA970vIjYcs
EkQPmqkvacM,Distribución binomial. Como identificar si un problema es binomial.,https://youtu.be/EkQPmqkvacM
3eKZwokAwtw,Distribución binomial. ¿Que es un experimento binomial?,https://youtu.be/3eKZwokAwtw
_YVyheaWL5k,Función exponencial compleja. Propiedades,https://youtu.be/_YVyheaWL5k
FZPLvakVHyI,Función exponencial compleja. Identidad de euler,https://youtu.be/FZPLvakVHyI
oQ6R91J727o,Probabilidad condicional algunas propiedades,https://youtu.be/oQ6R91J727o
xTyiXD12sko,Diferencia entre eventos independientes y mutuamente excluyentes,https://youtu.be/xTyiXD12sko
04VTlQ37C08,Eventos independientes y su probabilidad,https://youtu.be/04VTlQ37C08
m8-MPxS06qc,Probabilidad Condicional,https://youtu.be/m8-MPxS06qc
T8Ixh12QHQA,Respuesta de un sistema lineal. Caso general,https://youtu.be/T8Ixh12QHQA
1KqLvtBk6hQ,Raices de numeros complejos Ejemplo 2,https://youtu.be/1KqLvtBk6hQ
eCq2LT5y7vU,Raices de numeros complejos Ejemplo 1,https://youtu.be/eCq2LT5y7vU
EjAMPByf4ZI,Raíces de números complejos,https://youtu.be/EjAMPByf4ZI
6L59Wie11Go,Teorema de De Moivre ejemplo,https://youtu.be/6L59Wie11Go
-D4vlF-QuBA,Teorema de De Moivre. Demostración,https://youtu.be/-D4vlF-QuBA
Jog61C0SNdM,Teorema de De Moivre. Introducción,https://youtu.be/Jog61C0SNdM
6OMotQo7aEE,Probabilidades del juego de poker,https://youtu.be/6OMotQo7aEE
LD_QeH_EWnw,Conteo de puntos muestrales Regla m por n. EJEMPLOS,https://youtu.be/LD_QeH_EWnw
uFBxJV7qEsE,Conteo de puntos muestrales Regla m por n,https://youtu.be/uFBxJV7qEsE
Ygr6ypSmsQw,Función de peso para un sistema lineal,https://youtu.be/Ygr6ypSmsQw
nnj6AI4rEwg,Respuesta de un sistema lineal a un pulso rectangular. Ejemplos,https://youtu.be/nnj6AI4rEwg
nVuNwomqfGc,Respuesta de un sistema lineal a un pulso rectangular,https://youtu.be/nVuNwomqfGc
3auRcyU4TxU,Forma polar de un complejo,https://youtu.be/3auRcyU4TxU
j_G5XMJ6qnM,Desigualdades en los complejos,https://youtu.be/j_G5XMJ6qnM
gbZ3b0bKOZk,Division de numero complejos,https://youtu.be/gbZ3b0bKOZk
Je-wsYL5Fwk,El plano complejo,https://youtu.be/Je-wsYL5Fwk
nSAYn9LyL6o,Propiedades del conjugado y de la magnitud de los complejos,https://youtu.be/nSAYn9LyL6o
YCG4Bm0DvO0,Función caracteristica de la clase pt1,https://youtu.be/YCG4Bm0DvO0
YnlZNLzdXWE,Función caracteristica de la clase p,https://youtu.be/YnlZNLzdXWE
hO3T-koqT5U,Probabilidad frecuencia relativa. Ejemplo 2,https://youtu.be/hO3T-koqT5U
kQJa81-COhw,Probabilidad frecuencia relativa. Ejemplo 1,https://youtu.be/kQJa81-COhw
I7Wjp2zgx0w,Probabilidad por frecuencia relativa,https://youtu.be/I7Wjp2zgx0w
5hhHwzviS3w,Conceptos previos a probabilidad,https://youtu.be/5hhHwzviS3w
RaR2g-h-WoI,Derivadas parciales. Introducción,https://youtu.be/RaR2g-h-WoI
qYS0fZqMoH0,Ejemplos de como encontrar numeros criticos de funciones,https://youtu.be/qYS0fZqMoH0
RTxq30I_DTs,Definición de numeros criticos y demostración,https://youtu.be/RTxq30I_DTs
xqk754wgGtA,Teorema de los valores extremos,https://youtu.be/xqk754wgGtA
EzWUV7CKbow,Valores extremos de una función. Máximo y mínimo absoluto y relativo.,https://youtu.be/EzWUV7CKbow
crLk_38PZ9U,Presión y fuerza hidrostatica. Ejemplo 4,https://youtu.be/crLk_38PZ9U
fBCUEXNouNw,Presión y fuerza hidrostática. Ejemplo 3,https://youtu.be/fBCUEXNouNw
pJejOwbSukY,Parametrización de funciones polinomiales,https://youtu.be/pJejOwbSukY
Rqc64bYR82g,Eliminación del parametro en ecuaciones parametricas,https://youtu.be/Rqc64bYR82g
9WLraOYNcnU,parametrizacion de una elipse,https://youtu.be/9WLraOYNcnU
oiHHZTAOjBs,Parametrización de la circunferencia - Ecuaciones parametricas de la circunferencia,https://youtu.be/oiHHZTAOjBs
MMxcN5y5gFw,Aproximación polinomial simple. Polinomio de grado 2,https://youtu.be/MMxcN5y5gFw
pLp5QrD9DzM,Aproximación polinomial simple.  Polinomio de grado 1,https://youtu.be/pLp5QrD9DzM
8g-GTNjXSds,Análogo a circuito de un sistema mecánico de traslación,https://youtu.be/8g-GTNjXSds
F88lDfpDq1U,Trabajo.  Vaciado de tanques. Ejemplo 4,https://youtu.be/F88lDfpDq1U
tw3e0pn9Ezc,"Trabajo,  Vaciado de tanques.  Ejemplo 3",https://youtu.be/tw3e0pn9Ezc
MHsYwA6tiKA,Trabajo.  Vaciado de tanques.  Ejemplo 2,https://youtu.be/MHsYwA6tiKA
-2WTs-eD6JE,Trabajo  Vaciado de tanques  Ejemplo 1,https://youtu.be/-2WTs-eD6JE
JXegiEZ-Qn8,diferencias dividida.  EJEMPLO 1.  Aproximación polinomial,https://youtu.be/JXegiEZ-Qn8
klOWp2SYycc,Diferencias divididas de Newton.  Aproximación polinomial,https://youtu.be/klOWp2SYycc
cgX55MEnrmU,Polinomios de Lagrange.  EJEMPLO 1.  Aproximación polinomial de Lagrange,https://youtu.be/cgX55MEnrmU
3EKndPO8Pxs,Polinomios de Lagrange.  Aproximación polinomial de Lagrange.,https://youtu.be/3EKndPO8Pxs
sjtF8YKqsjM,Ecuaciones dinámicas de circuitos eléctricos.  Ejemplo 2,https://youtu.be/sjtF8YKqsjM
91cZjbkEi1g,Ecuaciones dinámicas de circuitos eléctricos EJEMPLO 1,https://youtu.be/91cZjbkEi1g
qKtqobWu2z4,Ejemplo 4 de trabajo - Aplicaciones de la integral,https://youtu.be/qKtqobWu2z4
pI8tEVemM4Q,Ejemplo 3 de trabajo   Aplicaciones de la integral,https://youtu.be/pI8tEVemM4Q
htxzrziU6fo,Ejemplo 2 de trabajo - Aplicaciones de la integral,https://youtu.be/htxzrziU6fo
ShfIfCQGEHU,Ejemplo 1 de trabajo - Aplicaciones de la integral,https://youtu.be/ShfIfCQGEHU
7XIHmslyM74,Introduccion a trabajo - Aplicaciones de la integral,https://youtu.be/7XIHmslyM74
Czs-MX_lQvo,Sistemas Mecanicos de Rotacion con engranajes Ejemplo 5,https://youtu.be/Czs-MX_lQvo
e530I2a7URc,"longitud de arco   Ejemplo 4,5",https://youtu.be/e530I2a7URc
A-vzX4w1T3c,Longitud de arco - Ejemplo 3,https://youtu.be/A-vzX4w1T3c
u9NdlZvf0O8,"Longitud de arco - Ejemplos 1,2",https://youtu.be/u9NdlZvf0O8
ePj1prmEYrY,Longitud de arco - Aplicaciones de la integral,https://youtu.be/ePj1prmEYrY
C9i7ZVHJZJE,"Volumen por el método de capas cilindricas - Ejemplos 1, 2 y 3",https://youtu.be/C9i7ZVHJZJE
iH6PQnfcd8o,Volumen por el método de capas cilindricas,https://youtu.be/iH6PQnfcd8o
x_XDSFicS3A,"Sistemas con engranajes - Ejemplo #2, 3, 4",https://youtu.be/x_XDSFicS3A
zUN82YoZ3DA,Sistemas con Engranajes - Ejemplo #1,https://youtu.be/zUN82YoZ3DA
5vfj_EfwfyI,Sistemas con engranajes - Función de transferencia,https://youtu.be/5vfj_EfwfyI
4uj7L4SBKNw,Sistemas Mecánicos de Rotación - Ejemplo 3,https://youtu.be/4uj7L4SBKNw
R_rgbk8RkzE,Sistemas Mecánicos de Rotación - Ejemplo 2,https://youtu.be/R_rgbk8RkzE
nLvucJjcFg4,Sistemas Mecánicos de Rotación,https://youtu.be/nLvucJjcFg4
9rIE4gEVepA,Área entre curvas - Parte 2 - Aplicaciones de la integral,https://youtu.be/9rIE4gEVepA
GhJtSO5obxA,Área entre curvas - Parte 1 - Aplicaciones de la integral,https://youtu.be/GhJtSO5obxA
tnN2IO4P9ps,Solución de ecuaciones dinámicas por Laplace. ( Ejemplo 2 ),https://youtu.be/tnN2IO4P9ps
RgOOR1PqY9c,Solución de ecuaciones dinámicas por Laplace. ( Ejemplo 1 ),https://youtu.be/RgOOR1PqY9c
dwtBa07rzX0,Solución de ecuaciones dinámicas por Laplace.,https://youtu.be/dwtBa07rzX0
72xMCaF5nds,"Propiedades de la integral definida - Propiedades 7, 8 y 9",https://youtu.be/72xMCaF5nds
Z854tgFh4g8,"Propiedades de la integral definida - Propiedades 4, 5 y 6",https://youtu.be/Z854tgFh4g8
lsCKfRbcmjE,"Propiedades de la integral definida - Propiedades 1, 2 y 3",https://youtu.be/lsCKfRbcmjE
lZhAI3yH1Dc,Regla del punto medio - Integral definida,https://youtu.be/lZhAI3yH1Dc
sAgvk5FKSlY,Conversiones de fuentes,https://youtu.be/sAgvk5FKSlY
tir6gulRTwY,fuentes de corriente (Ejemplos del 4 al 7),https://youtu.be/tir6gulRTwY
4jIzd5yNIGI,Fuentes de corriente,https://youtu.be/4jIzd5yNIGI
41PnFu6ARQc,Multiplicadores de Lagrange ( Ejemplo 5 ),https://youtu.be/41PnFu6ARQc
gcCbvvK8JDo,Multiplicadores de Lagrange (Ejemplo 4),https://youtu.be/gcCbvvK8JDo
pT5gOwSCSbE,Multiplicadores de Lagrange ( Ejemplo 3 ),https://youtu.be/pT5gOwSCSbE
1YFnUqSeVo0,Multiplicadores de Lagrange (Ejemplos 1 y 2 ),https://youtu.be/1YFnUqSeVo0
Y3qFr3BXT9w,Multiplicadores de Lagrange  ( Introducción ),https://youtu.be/Y3qFr3BXT9w
QSJ2gVtaN70,Phi en el humano - Razón divina en el humano,https://youtu.be/QSJ2gVtaN70
tdspLQUXMJ0,Phi en el arte,https://youtu.be/tdspLQUXMJ0
SdM1fFe1LJw,phi en la naturaleza,https://youtu.be/SdM1fFe1LJw
gIx516DLljI,Phi en la arquitectura,https://youtu.be/gIx516DLljI
cEnxM1U_ErE,Phi - Número Áureo - Razón divina,https://youtu.be/cEnxM1U_ErE
arTOwykW158,Angulo Fase Serie de Fourier - Ejemplo 1 HD,https://youtu.be/arTOwykW158
fyIIGNMGDMs,Forma Angulo Fase de la serie de fourier HD,https://youtu.be/fyIIGNMGDMs
nyE3W5GxBPs,Matriz de Transferencia - Ejemplos,https://youtu.be/nyE3W5GxBPs
T53fWyIpY7w,Matriz de Transferencia,https://youtu.be/T53fWyIpY7w
yKkOmTP_yK8,Diagrama de flujo de Señal - Ejemplo #2,https://youtu.be/yKkOmTP_yK8
_NznBOBEPeg,Diagramas de Flujo de Señal de las formas normales,https://youtu.be/_NznBOBEPeg
kGfNImdNzbg,Diagramas de Flujo de Señal,https://youtu.be/kGfNImdNzbg
8LDogFiCyqc,Forma Normal de Canonica - Funcion de transferencia con polinomio en el numerador,https://youtu.be/8LDogFiCyqc
WmYEjXzrQUA,Optimización de funciones de dos variables - Ejemplo 1308084,https://youtu.be/WmYEjXzrQUA
WqNReRxxW2M,Optimización de funciones de dos variables - Ejemplo 1308083,https://youtu.be/WqNReRxxW2M
iNSDx_-40Hc,Optimización de funciones de dos variables - Ejemplo 1308082,https://youtu.be/iNSDx_-40Hc
dhhmhSAOEug,Máximos y mínimos funciones de dos variables HD,https://youtu.be/dhhmhSAOEug
NjHyiEZRhxI,Optimización de funciones de dos variables - Ejemplo 130807,https://youtu.be/NjHyiEZRhxI
xMVVFJpQXVs,Serie de Fourier - Desarrollo de medio intervalo - Ejemplo,https://youtu.be/xMVVFJpQXVs
XnKBetUM5xE,Serie de Fourier de de senos y de cosenos - Desarrollo de medio intervalo,https://youtu.be/XnKBetUM5xE
LfcVTichhiI,Serie de Fourier en Senos y Cosenos - Ejemplo #2,https://youtu.be/LfcVTichhiI
6_fuOxaJKps,Serie de Fourier de Senos y de Cosenos,https://youtu.be/6_fuOxaJKps
KbMAqi2tOJU,Funciones Pares e Impares - Propiedades,https://youtu.be/KbMAqi2tOJU
TZ15zNvojMU,Forma Normal de Jordan - Funcion de transferencia con polinomio en el numerador,https://youtu.be/TZ15zNvojMU
eezfOl25A6c,Forma Normal de Frobenius - Función de transferencia con polinomio en el numerador,https://youtu.be/eezfOl25A6c
rho9Zwmne8c,Forma normal Canonica (FNC) - Formas normales de la matriz dinamica,https://youtu.be/rho9Zwmne8c
oodcHt_OfQk,Forma normal de Jordan (FNJ) -  Formas normales de la matriz dinamica,https://youtu.be/oodcHt_OfQk
Lr6MADE211U,Forma normal de Frobenius (FNF) - Formas normales de la matriz dinamica,https://youtu.be/Lr6MADE211U
J_6bUVW26ro,Variables de estado - Ecuaciones dinámicas - Espacio Fasico,https://youtu.be/J_6bUVW26ro
9igaYRl94uk,Vector Gradiente HD,https://youtu.be/9igaYRl94uk
ZMjm5qR9o00,Derivada Direccional HD,https://youtu.be/ZMjm5qR9o00
yUnrzqaxhxA,Derivada implicita - Funciones de dos variables - Regla de la cadena,https://youtu.be/yUnrzqaxhxA
ebVl4AiHqqA,Integral de fourier - Ejemplo #2 HD,https://youtu.be/ebVl4AiHqqA
n5HxR--OzoM,Integral de fourier  - Ejemplo #1 HD,https://youtu.be/n5HxR--OzoM
yBv3fb_vlkk,Integral de fourier HD,https://youtu.be/yBv3fb_vlkk
pnfCX0ZVYic,Problemas de Optimizacion - Libro de Stewart  Problema 24,https://youtu.be/pnfCX0ZVYic
CfCu6SmoWCU,Problemas de Optimizacion - Libro de Stewart Problema 31,https://youtu.be/CfCu6SmoWCU
-tT9tFyFSKA,Problemas de Optimizacion - Libro de Stewart Problema 15,https://youtu.be/-tT9tFyFSKA
jtGYI9H2DCc,Problemas de Optimizacion - Libro de Stewart Problema 23,https://youtu.be/jtGYI9H2DCc
_2AqkIL0Obs,Relaciones Afines - Libro Stewart Capitulo 3 Seccion 9 Problema 33,https://youtu.be/_2AqkIL0Obs
2oMuASFTAiE,Relaciones Afines   Libro Stewart Capitulo 3 Seccion 9 Problema 28,https://youtu.be/2oMuASFTAiE
-1q-1RrZE00,Relaciones Afines -  Libro Stewart Capitulo 3 sección 9 problema 27,https://youtu.be/-1q-1RrZE00
Z372QFk9r00,Relaciones Afines - Libro Stewart Capitulo 3 sección 9 problema 20,https://youtu.be/Z372QFk9r00
KRWb5bt8u8M,Razones de Cambio - Libro Stewart - capitulo 3 sección 9 problema 3,https://youtu.be/KRWb5bt8u8M
gfbWP0qNsBg,Transformada de Fourier - Propiedades con la convolución - Demostraciones,https://youtu.be/gfbWP0qNsBg
UTNSNGy0PGs,Diferencial en dos variables HD - Ejemplos,https://youtu.be/UTNSNGy0PGs
45AZslZzMiQ,Diferencial en dos variables HD,https://youtu.be/45AZslZzMiQ
GiccvaMjfvw,Propiedades de Simetria y Modulación de la transformada de Fourier,https://youtu.be/GiccvaMjfvw
cjTV2c91j8Y,Tranformada de Fourier de una integral,https://youtu.be/cjTV2c91j8Y
0MQis5OZYyQ,Derivada de una transformada de Fourier,https://youtu.be/0MQis5OZYyQ
nnb05kuMfbo,Transformada de Fourier de una transformada de Fourier   Video 2:2,https://youtu.be/nnb05kuMfbo
EF7bwjbsxvo,Transformada de Fourier de una derivada,https://youtu.be/EF7bwjbsxvo
TAz9vzHfcEU,"Corrimiento en frecuencia, Escala e inversion del tiempo de una transformada de Fourier",https://youtu.be/TAz9vzHfcEU
csZ9ECCh-OE,Corrimiento en el tiempo   Transformada de Fourier   demostracion,https://youtu.be/csZ9ECCh-OE
XPkeBH_Ox8c,Ejemplos de transformada de Fourier,https://youtu.be/XPkeBH_Ox8c
R0qysBqGMCk,Transformada de Fourier HD - Ejemplo #1,https://youtu.be/R0qysBqGMCk
E9TL4AgMzbc,Transformada de Fourier HD,https://youtu.be/E9TL4AgMzbc
kDU8uxZQ6XY,Integral de Fourier Compleja HD - Ejemplo #2,https://youtu.be/kDU8uxZQ6XY
34TQd590oS0,Integral de Fourier Compleja HD - Ejemplo #1,https://youtu.be/34TQd590oS0
IWw9dS5dJ7A,Integral de Fourier Compleja HD,https://youtu.be/IWw9dS5dJ7A
wei_M6OeAiY,Integral de Fourier en senos cosenos,https://youtu.be/wei_M6OeAiY
mvwwFXLKttQ,Serie compleja de Fourier del rectificador de onda completa,https://youtu.be/mvwwFXLKttQ
XMBtl7Gzmqg,Problemas de optimización - funciones varias variables - Ejemplo #1,https://youtu.be/XMBtl7Gzmqg
8_L3rV9hDOE,Problemas de optimización - Ejemplo #7,https://youtu.be/8_L3rV9hDOE
kuYDcGIsHwo,Problemas de optimización - Ejemplo #6,https://youtu.be/kuYDcGIsHwo
ODG7PqIVwNg,Problemas de optimización - Ejemplo #5,https://youtu.be/ODG7PqIVwNg
4IXfrfvFUgI,Problemas de optimización - Ejemplo #4,https://youtu.be/4IXfrfvFUgI
bFTJvx5RjAw,Problemas de optimización - Ejemplo #3,https://youtu.be/bFTJvx5RjAw
wtvlyFDx63o,Problemas de optimización - Ejemplo #2,https://youtu.be/wtvlyFDx63o
XSZYdTgMMp8,Problemas de optimización - Ejemplo #1,https://youtu.be/XSZYdTgMMp8
JIFVHPdSjIE,Cambio de Variable en integrales dobles - Aplicación del Jacobiano - Ejemplo #2,https://youtu.be/JIFVHPdSjIE
ySfYo4wxYoM,Cambio de Variable en integrales dobles - Aplicación del Jacobiano - Ejemplo #1,https://youtu.be/ySfYo4wxYoM
O2afN6p84bY,Circuitos Serie-Paralelo ❖ Ejemplo #7,https://youtu.be/O2afN6p84bY
k19rVsz-WCA,Volumen de sólidos de áreas conocidas ❂ Ejemplo #1,https://youtu.be/k19rVsz-WCA
txX_bjprE_k,Circuitos Serie-Paralelo ❖ Ejemplo #6,https://youtu.be/txX_bjprE_k
N6ElxJ8fs7M,Circuitos Serie-Paralelo ❖ Ejemplo #5,https://youtu.be/N6ElxJ8fs7M
6DYpb-FJ-FU,Circuitos Serie-Paralelo ❖ Ejemplo #4,https://youtu.be/6DYpb-FJ-FU
OklmAuRi2SQ,Circuitos Serie-Paralelo ❖ Ejemplo #3,https://youtu.be/OklmAuRi2SQ
I1VeWysrED0,Circuitos Serie-Paralelo ❖ Ejemplo #2,https://youtu.be/I1VeWysrED0
Uitb0EHh2a0,Circuitos Serie-Paralelo ❖ Ejemplo #1,https://youtu.be/Uitb0EHh2a0
MP1KfHYgyv4,Divisor de corriente,https://youtu.be/MP1KfHYgyv4
xKyL1OO47Ls,Demostración de limites por la definicion delta epsilon - Varios ejemplos,https://youtu.be/xKyL1OO47Ls
k3u9Yc3FXUg,Aplicación del divisor de voltaje - fotoresistor - Termistor,https://youtu.be/k3u9Yc3FXUg
URLadxLnVZY,Divisor de voltaje,https://youtu.be/URLadxLnVZY
w8xndy5F7_8,Sist Ecuas Dif lin 1er orden - Valores propios complejos (Parte 2/2),https://youtu.be/w8xndy5F7_8
uqzpT81DKZY,Sist Ecuas Dif lin 1er orden - valores propios complejos (Parte 1/2),https://youtu.be/uqzpT81DKZY
FQI6O-SVKew,Ejemplos de derivada de funciones logaritmicas,https://youtu.be/FQI6O-SVKew
gE884bWxvUY,Ejemplos de derivadas de funciones trigonometricas inversas,https://youtu.be/gE884bWxvUY
5dE2Fa3mqWw,Demostracion de la derivada de funciones logaritmicas,https://youtu.be/5dE2Fa3mqWw
4kUN04pGE5o,Demostración de la Derivada de la secante inversa de x,https://youtu.be/4kUN04pGE5o
RzV8WVQSjJA,Demostracion de la derivada de la tangente inversa de x,https://youtu.be/RzV8WVQSjJA
Si4E6VRz9h0,Demostración de la derivada del seno inverso,https://youtu.be/Si4E6VRz9h0
hR8Xw098rdc,Calculo de la resistencia para un LED,https://youtu.be/hR8Xw098rdc
jgFAfjUnhEw,Derivada implícita,https://youtu.be/jgFAfjUnhEw
Q9VtQCY4CS0,Ejemplos derivada de un cociente,https://youtu.be/Q9VtQCY4CS0
65ohYrGSYlU,Derivada del cociente de funciones - demostración - Regla del cociente,https://youtu.be/65ohYrGSYlU
IYhJHdZBTvU,Ejemplos de derivada de multiplicacion de funciones - regla del producto,https://youtu.be/IYhJHdZBTvU
FUKmKxpjWKQ,Demostracion de la derivada de una multiplicación de funciones - Regla del producto,https://youtu.be/FUKmKxpjWKQ
LAhsGyFujxc,Sist Ecuas Diferenciales lineales 1er orden - valores propios de multiplicidad 3,https://youtu.be/LAhsGyFujxc
7hHl0Dqg2zk,Sist Ecuas Diferenciales lin 1er orden - valores propios repetidos - Segunda solución,https://youtu.be/7hHl0Dqg2zk
Zzyh01ye1Pk,Sist Ecuas Diferenciales lineales 1er orden - valores propios repetidos,https://youtu.be/Zzyh01ye1Pk
4q4ztHiL_cE,Derivada de una función vectorial,https://youtu.be/4q4ztHiL_cE
mspaFU3pOKI,Funciones Vectoriales,https://youtu.be/mspaFU3pOKI
0l_yuSA6QPM,Derivada de una función exponencial,https://youtu.be/0l_yuSA6QPM
6R_aS5lcZm4,Derivada de una suma y resta.  Derivada de una constante por una función,https://youtu.be/6R_aS5lcZm4
404DX3cnpaY,Resistencias en Paralelo - Circuitos en Paralelo,https://youtu.be/404DX3cnpaY
b-E_FRZq_1U,Resistencias en Serie - Circuitos en Serie,https://youtu.be/b-E_FRZq_1U
GicHvMzQHks,Sistemas Lineales de ED Homogéneos con coef. constantes de 1er orden - Valores propios distintos,https://youtu.be/GicHvMzQHks
dtGjNp0WpOU,Demostración de la derivada de f(x)=x^n con n entero positivo.,https://youtu.be/dtGjNp0WpOU
o0mZylmwuC0,Demostración de la derivada de f(x)=x,https://youtu.be/o0mZylmwuC0
HXXJ8S1eg_A,Demostración de la derivada de una constante,https://youtu.be/HXXJ8S1eg_A
1WvjpPNQH58,Teorema del Binomio de Newton,https://youtu.be/1WvjpPNQH58
mCQdNCquKsY,Ejemplos de derivada por definición,https://youtu.be/mCQdNCquKsY
zgx-DxFxYsg,Pendiente de la recta tangente - Derivada en un punto - Intro a derivada,https://youtu.be/zgx-DxFxYsg
hKpIyllWHcQ,Ejemplos volumen por discos - Aplicaciones de la integral,https://youtu.be/hKpIyllWHcQ
62BsIQjbkUo,Volumen por el método de los discos - Aplicaciones de la integral,https://youtu.be/62BsIQjbkUo
0TiH5ZakojY,Sistemas de ecuaciones diferenciales lineales - Transformada de Laplace,https://youtu.be/0TiH5ZakojY
0gy4RJhDZl0,Interes Compuesto,https://youtu.be/0gy4RJhDZl0
8hVnSn_ZB1w,distancia entre un punto y un plano,https://youtu.be/8hVnSn_ZB1w
0_aRe5qLpH0,Cilindros. Superficies Cuadraticas. Superficies en 3D,https://youtu.be/0_aRe5qLpH0
znwRIZOk3yo,Paraboloide Hiperbólico - Superficies cuadráticas - academatica,https://youtu.be/znwRIZOk3yo
9IkrgCboL1k,Reducción de bloques - Ejemplos - Equivalencias,https://youtu.be/9IkrgCboL1k
TsdtghqEuoM,Diagramas de bloques - Teoria de Sistemas - Ensambles de bloques,https://youtu.be/TsdtghqEuoM
8hLs2X9VpiI,Paraboloide elíptico - Superficies cuadraticas,https://youtu.be/8hLs2X9VpiI
P9G67cRk9vs,Hiperboloide de dos hojas - Superficies Cuadraticas,https://youtu.be/P9G67cRk9vs
wcLmaFEf_DA,Hiperboloide de una hoja - Superficies en 3D,https://youtu.be/wcLmaFEf_DA
Uemw_Ec-IM0,Superficies Cuadraticas - Elipsoide - Superficies en 3D,https://youtu.be/Uemw_Ec-IM0
jCyELlhbYaY,Ejemplos área entre curvas - Aplicación integral - Academatica,https://youtu.be/jCyELlhbYaY
xJUFLG-Qxoc,Aplicación Laplace - Circuito RL - Onda Cuadrada,https://youtu.be/xJUFLG-Qxoc
S0TqWVVhIDw,Ángulo entre planos,https://youtu.be/S0TqWVVhIDw
oN9iyLKt5g8,Transformada de una convolución - ejemplos,https://youtu.be/oN9iyLKt5g8
jxoTp1JVGtI,Ejemplos - Transformada de laplace - Funcion Periodica,https://youtu.be/jxoTp1JVGtI
FyTOPDkVkBw,Ejemplos - Derivada de una Transformada,https://youtu.be/FyTOPDkVkBw
8Tj4iRpxlh8,Circuitos de mas de una malla - Función de Transferencia,https://youtu.be/8Tj4iRpxlh8
fQootvigyeg,Tranformada de Laplace de una función periodica,https://youtu.be/fQootvigyeg
SVoq7BVARvA,Intervalos de Convergencia de Series de Potencias,https://youtu.be/SVoq7BVARvA
vYo3Ekt0F98,Academatica,https://youtu.be/vYo3Ekt0F98
iTaOnuz11v4,"Video de la distribución de Poisson, su esperanza y varianza",https://youtu.be/iTaOnuz11v4
FvRSLcoG2og,"Video de la Distribucion Geométrica, esperanza y varianza.",https://youtu.be/FvRSLcoG2og
F1DVFLmbDNk,Ejemplos de integrales por fracciones parciales,https://youtu.be/F1DVFLmbDNk
ELp0s2txH40,Ejemplos transformada de Laplace por los teoremas basicos,https://youtu.be/ELp0s2txH40
ZXEUXk43UW4,Transformada de Laplace de funciones continuas por partes,https://youtu.be/ZXEUXk43UW4
N0kE2KX4X9g,Transformada de Laplace por definicion,https://youtu.be/N0kE2KX4X9g
Z9EJ0sCDgOE,Ejemplos del teorema de Stokes,https://youtu.be/Z9EJ0sCDgOE
Q9o8sZ8m4II,Ejemplos de integrales por sustitución trigonométrica,https://youtu.be/Q9o8sZ8m4II
KrXdiEb1iO8,Teorema de bayes,https://youtu.be/KrXdiEb1iO8
GBo6nwrtqXk,Medias perpendiculares y circuncentro de un triángulo,https://youtu.be/GBo6nwrtqXk
3ifqD_18DLU,Alturas de un triangulo y ortocentro,https://youtu.be/3ifqD_18DLU
Z5wiSLs4y9k,Ejercicios resueltos de integrales de flujo,https://youtu.be/Z5wiSLs4y9k
eAqKKDwmWdc,Medianas de un triangulo y centro de gravedad,https://youtu.be/eAqKKDwmWdc
5jNJVpxs10U,Integrales de flujo - Integrales de Superficie de campos vectoriales,https://youtu.be/5jNJVpxs10U
MiHpezNEl_Q,Ejercicios resueltos de derivadas parciales,https://youtu.be/MiHpezNEl_Q
x1tPgXS5R78,Integrales de superficie,https://youtu.be/x1tPgXS5R78
ghttzYL5GfE,Área del triángulo formado por tres puntos arbitrarios,https://youtu.be/ghttzYL5GfE
7oIXwHAXzJw,Área de un triángulo con un vértice en el origen,https://youtu.be/7oIXwHAXzJw
9RNDRfzgqIg,Circunferencia de tales - Segundo Teorema de Tales,https://youtu.be/9RNDRfzgqIg
owqWXgf9alg,Ejemplos de integrales que contienen senos y cosenos - Pares e impares del libro de Stewart,https://youtu.be/owqWXgf9alg
ltQ76HsqnuU,Jacobiano de una transformación,https://youtu.be/ltQ76HsqnuU
iwErGc3RWmM,Ejemplos de ecuaciones de cauchy-riemann,https://youtu.be/iwErGc3RWmM
hHGZSIFeN7Q,Ecuaciones de Cauchy-Riemann,https://youtu.be/hHGZSIFeN7Q
QfvrYT_fUdY,Interpretación geometrica de la derivada en variable compleja,https://youtu.be/QfvrYT_fUdY
K23gHMv3kXE,Circulo unitario y la gráfica del seno y del coseno,https://youtu.be/K23gHMv3kXE
aeQT46UXUew,Video de la gráfica del Coseno,https://youtu.be/aeQT46UXUew
0HX2OgT9uPg,Funciones Trigonométricas de ángulos introducción,https://youtu.be/0HX2OgT9uPg
IqxRybjAtbQ,Area de Superficies de una superficie parametrica,https://youtu.be/IqxRybjAtbQ
L0vkcoBiUnc,Planos tangentes a superficies parametricas,https://youtu.be/L0vkcoBiUnc
8jqfKjOGIZg,Superficies Parametricas,https://youtu.be/8jqfKjOGIZg
rhncH8juYBw,Circunferencia Osculadora y evoluta,https://youtu.be/rhncH8juYBw
4E_Qfk9WP0I,Demostración de que el area bajo la distribucion normal es uno,https://youtu.be/4E_Qfk9WP0I
0k7nHs9Wnj4,Video de Integral de menos infinito a infinito de la exponencial a la menos x al cuadrado,https://youtu.be/0k7nHs9Wnj4
38ywaqP4_ss,Curvatura,https://youtu.be/38ywaqP4_ss
Zf0Xl9_ES2s,Subtangente y Subnormal,https://youtu.be/Zf0Xl9_ES2s
ORnbYfWRQag,Mapeo de f(z)=1/z - Mapeo reciproco o inverso,https://youtu.be/ORnbYfWRQag
SDw1XKee7Hg,Video del mapeo del coseno complejo - f(z)=Cos(z),https://youtu.be/SDw1XKee7Hg
8ylzMKA29vU,Demostracion cos z = cos x cosh y - i sen x senh y - Parte real e imaginaria del coseno complejo,https://youtu.be/8ylzMKA29vU
F-NqztTggqg,Exponentes racionales en los números complejos - Raices en complejos,https://youtu.be/F-NqztTggqg
Lt3iqSPiypo,Logaritmo en los complejos,https://youtu.be/Lt3iqSPiypo
dL8A7XiPFro,Funciones trigonometricas complejas,https://youtu.be/dL8A7XiPFro
EJoewkyB8KI,Función exponencial compleja,https://youtu.be/EJoewkyB8KI
CjqoOaDuu00,Video del mapeo f(z)=exp(z) - e^z,https://youtu.be/CjqoOaDuu00
MFcy1U0s4YY,Aplicacion rotacional y divergencia - Ecuaciones de Maxwell,https://youtu.be/MFcy1U0s4YY
r2EdOijAqv4,video de rotacional y divergencia en rectangulares,https://youtu.be/r2EdOijAqv4
S1s2XeeyA-0,Video de la demostración del rotacional en cilíndricas,https://youtu.be/S1s2XeeyA-0
si_xWbK8R9M,Funciones caracteristicas y propiedades de los sistemas lineales,https://youtu.be/si_xWbK8R9M
K8NL2Rwv0u0,Varios ejercicios resueltos de integrales por partes - Pares del libro de Stewart 6ta edición,https://youtu.be/K8NL2Rwv0u0
xY359UO5Oms,"Funciones inyectivas, sobreyectivas y biyectivas",https://youtu.be/xY359UO5Oms
Q3ejLYIvyqg,Grafica de una función en una variable,https://youtu.be/Q3ejLYIvyqg
N-de6gIzWdk,Video de como evaluar funciones - Ejemplo,https://youtu.be/N-de6gIzWdk
hxHUyfl8ljI,Video de Funciones introduccion ¿Que son? - Entendiendo las funciones.,https://youtu.be/hxHUyfl8ljI
THXu4og0sWw,Video de la divergencia en cilíndricas - Demostración de la formula,https://youtu.be/THXu4og0sWw
quz0owrMK1Y,Video de mapeos conformes - rotación,https://youtu.be/quz0owrMK1Y
4M6xSiWNJYE,Video de mapeos conformes - Traslación,https://youtu.be/4M6xSiWNJYE
kKCl9kEi1wc,Video de mapeos conformes. Introducción.,https://youtu.be/kKCl9kEi1wc
Zndk1JWJQ3o,Momentos y centros de masa,https://youtu.be/Zndk1JWJQ3o
on92e1DFa4Y,Mapeo de la función compleja f(z)=z^2,https://youtu.be/on92e1DFa4Y
wq0HWY-UcME,"Mas Sobre desigualdades - Ejemplo 5,6 y 7",https://youtu.be/wq0HWY-UcME
elM0MHyezMM,Mas Sobre desigualdades - Ejemplo 3 y 4,https://youtu.be/elM0MHyezMM
1pcNMncZ9r4,Mas Sobre desigualdades - Ejemplo 1 y 2,https://youtu.be/1pcNMncZ9r4
p31ingNTT9k,Teorema de Green - Problemas resueltos - 2013 ENE,https://youtu.be/p31ingNTT9k
oJmECAYQmDU,Funciones Polinomiales,https://youtu.be/oJmECAYQmDU
qBeh8l5H9H4,Video de integrales por sustitución resueltas,https://youtu.be/qBeh8l5H9H4
vTlfz-dF8hY,Video de resolución de desigualdades - Ejemplos,https://youtu.be/vTlfz-dF8hY
OQPv7Ddcrok,Resolviendo otros tipos de ecuaciones - Ejemplo 6 y 7,https://youtu.be/OQPv7Ddcrok
3TG9eOj3v78,"Resolviendo otros tipos de ecuaciones- Cinco ejemplos - Ejemplos 1,2,3,4 y 5 - Academatica.com",https://youtu.be/3TG9eOj3v78
Un-8n78s7Kw,Video de la deducción de la formula Cuadrática,https://youtu.be/Un-8n78s7Kw
OgheCWiU7cQ,Video de completando al cuadrado -  Dos Ejemplo - Ecuaciones cuadráticas,https://youtu.be/OgheCWiU7cQ
moOHiow1dkE,Video de Ecuaciones Cuadraticas - Dos Ejemplos -Método de Factorización,https://youtu.be/moOHiow1dkE
1RnCFKWEYnA,Video de Ecuaciones Lineales - Tres ejemplos,https://youtu.be/1RnCFKWEYnA
wwEUdIgyNW0,Video de Ecuaciones lineales y un ejemplo - Academatica.com,https://youtu.be/wwEUdIgyNW0
Q63uYbfzqek,leyes de los exponentes - Academatica,https://youtu.be/Q63uYbfzqek
v0pPUyUW0wc,Ley de Ampere - Integrales de linea sobre campos vectoriales - Academatica.com,https://youtu.be/v0pPUyUW0wc
59xoC6MMuls,video de hipérbola - Ejemplo 3 - Academatica.com,https://youtu.be/59xoC6MMuls
xaRVRAQjbhM,Video de hipérbola - Ejemplo 2 - Academatica.com,https://youtu.be/xaRVRAQjbhM
3Y5W61cWbKw,Video de hipérbola - Ejemplo1 - Academatica.com,https://youtu.be/3Y5W61cWbKw
-MhaFgJNLoU,Video de hiperbola - Deducción de la ecuación - Academatica.com,https://youtu.be/-MhaFgJNLoU
Pf4YtKhUgqw,Video de hiperbola - introducción con GeoGebra - Academatica.com,https://youtu.be/Pf4YtKhUgqw
FthWR2DlYPs,Video sobre la conservación de la energía - Academatica.com,https://youtu.be/FthWR2DlYPs
QHATkVFtA9c,Video de ejemplo del uso del teorema fundamental de las integrales de linea - Academatica.com,https://youtu.be/QHATkVFtA9c
O9XKALPfCW8,Video de campo vectorial conservativo - Ejemplo 2 - Academatica.com,https://youtu.be/O9XKALPfCW8
DjRxiWsXAuI,Video de campo vectorial conservativo - Ejemplo 1 - Academatica.com,https://youtu.be/DjRxiWsXAuI
qWHYB8x4Plw,Entendiendo los exponentes negativos y el exponente cero,https://youtu.be/qWHYB8x4Plw
pEli5aPKch4,Video de exponentes introducción,https://youtu.be/pEli5aPKch4
EnPrc_4jiq8,Como resolver sistemas de ecuaciones en Wolfram Alpha,https://youtu.be/EnPrc_4jiq8
_lsEhHCYqnw,Usando trazas para graficar funciones en 3D,https://youtu.be/_lsEhHCYqnw
32eO1yrg78k,video de como graficar planos en 3D,https://youtu.be/32eO1yrg78k
9FpkWkqCDV0,Video de funciones de dos variables - introducción,https://youtu.be/9FpkWkqCDV0
f5p28UY76-I,Como usar Wolfram Alpha para hacer tareas de matemática,https://youtu.be/f5p28UY76-I
LaUDvoZa9ko,Video de la ley de ohm,https://youtu.be/LaUDvoZa9ko
87CFUOysKfg,Video de excedente del consumidor y productor - ejemplo 2,https://youtu.be/87CFUOysKfg
rWzUkjlwmyo,excedente del consumidor y productor - ejemplo 1,https://youtu.be/rWzUkjlwmyo
7SMJAq73WQ4,video de excedente del consumidor y productor - ¿Que es?,https://youtu.be/7SMJAq73WQ4
yRTgTP4yRd4,video del integral del seno x sobre x,https://youtu.be/yRTgTP4yRd4
Mtw5-oW47u0,Video de area entre curvas - Ejemplo 2,https://youtu.be/Mtw5-oW47u0
xTjm0FJpz_8,Video de area entre curvas,https://youtu.be/xTjm0FJpz_8
8nLxdeI3uaA,Video de transformada de fourier del seno al cubo,https://youtu.be/8nLxdeI3uaA
aA_6CxOfOqk,Video de calculo de área con integrales,https://youtu.be/aA_6CxOfOqk
5ZD4ZPMUj0k,Video de Regla del Trapecio -Integración Aproximada,https://youtu.be/5ZD4ZPMUj0k
EAZF5OtIjhE,Video de Regla del Trapecio - Ejemplos,https://youtu.be/EAZF5OtIjhE
4Wzv0e5S6Pc,Video de Regla de Simpson - demostración,https://youtu.be/4Wzv0e5S6Pc
u4zSLIBWpP4,Video de Regla de Simpson - Integración Aproximada,https://youtu.be/u4zSLIBWpP4
RqsHAnGv8kA,Teorema fundamental del calculo - introducción,https://youtu.be/RqsHAnGv8kA
uycO5s6D5IA,Teorema fundamental del calculo - Demostracion parte 1,https://youtu.be/uycO5s6D5IA
93Aqoe1smlU,Video de Teorema fundamental del calculo - Demostracion parte 2,https://youtu.be/93Aqoe1smlU
jit7-u4_-5c,Video de Teorema fundamental del calculo - ejemplos,https://youtu.be/jit7-u4_-5c
Em-97IdF2u8,Integral definida - ejemplo 2,https://youtu.be/Em-97IdF2u8
QjqrkrqWsxM,Integral definida - definicion - ejemplo,https://youtu.be/QjqrkrqWsxM
2jsA_5fyxvw,Integral definidad - Suma inferior y area bajo la curva,https://youtu.be/2jsA_5fyxvw
IvDii205FG4,Integral definida - Suma superior,https://youtu.be/IvDii205FG4
0KyJDamOegE,Video de sumatoria - Ejemplos,https://youtu.be/0KyJDamOegE
lXjYzwRaWxY,Video de Sumatoria - introducción,https://youtu.be/lXjYzwRaWxY
-Sug_-XSbeE,Video de sucesiones - Convergencia,https://youtu.be/-Sug_-XSbeE
ya4Q5mwIXA4,"Video de sucesiones - Máximo, Supremo, Mínimo, ínfimo, monotonía",https://youtu.be/ya4Q5mwIXA4
Xe78vH1zWyQ,Video de sucesiones - Punto de acumulación,https://youtu.be/Xe78vH1zWyQ
4vU0ThHnBKc,Video de sucesiones - introducción,https://youtu.be/4vU0ThHnBKc
vxNx4nASKwU,Video de limites - Continuidad de una función - Continuidad en un punto,https://youtu.be/vxNx4nASKwU
SMJDvQN7bcE,Video de limites laterales - Limite por la derecha - limite por la izquierda,https://youtu.be/SMJDvQN7bcE
l6QYawKqqZ4,Video de limites - Ejemplo maestro,https://youtu.be/l6QYawKqqZ4
NQBMvyeJr6U,Video de limites - continuidad de una función en un intervalo cerrado,https://youtu.be/NQBMvyeJr6U
hw5jIFi2Gv4,Video de limites - calculando limites - ejemplos,https://youtu.be/hw5jIFi2Gv4
S2v0VnekVGQ,Video de limites - Propiedades Básicas,https://youtu.be/S2v0VnekVGQ
AaHllwCt6FQ,Video de limites básicos,https://youtu.be/AaHllwCt6FQ
hwFpna13oZg,Video de limites - definición formal-ejemplos 2 y 3,https://youtu.be/hwFpna13oZg
ZKWYkDnmBcE,Video de limites   introducción,https://youtu.be/ZKWYkDnmBcE
moT8l_yleok,Video de limites - ejemplo numerico y grafico,https://youtu.be/moT8l_yleok
RFq6UEiQ3cU,Video de limites - ejemplo grafico 2,https://youtu.be/RFq6UEiQ3cU
jzc6tzqNOFc,Video de limites - definición formal,https://youtu.be/jzc6tzqNOFc
pHXOM5xZC5s,Video de limites - definición formal - ejemplo 1,https://youtu.be/pHXOM5xZC5s
cRTNSnIW9gY,Video de planos en el espacio - teoria y ejemplo,https://youtu.be/cRTNSnIW9gY
nLPDFo0zYeg,Video de planos en el espacio - ejemplo 2,https://youtu.be/nLPDFo0zYeg
zJGS3ekkeKo,Video Sobre coordenadas cilindricas - ¿ Que Son ? - Video 1,https://youtu.be/zJGS3ekkeKo
iOKYrPxdUP0,Video sobre coordenadas cilindricas - ejemplos - Video 2,https://youtu.be/iOKYrPxdUP0
nx-ipu59jtU,Video sobre coordenadas esféricas - ¿ Que Son ? - Video 1,https://youtu.be/nx-ipu59jtU
-Bn7thPEQc8,Video sobre coordenadas esféricas - ecuaciones de transformación - Video 2,https://youtu.be/-Bn7thPEQc8
1a8b4SgjFf0,Como suscribirse para recibir notificaciones de nuevos videos,https://youtu.be/1a8b4SgjFf0
9XrNvChcLRM,Video de la sucesión geométrica - enésima suma parcial,https://youtu.be/9XrNvChcLRM
AbGo7qE1atY,Video sobre  la sucesión geométrica,https://youtu.be/AbGo7qE1atY
zJQELlKAw0c,Video de sucesión aritmética - enésima suma parcial,https://youtu.be/zJQELlKAw0c
3_VZxuYBKBY,Video de sucesion aritmetica - ejemplos,https://youtu.be/3_VZxuYBKBY
tmiL8AVcwSQ,Video de sucesion aritmética,https://youtu.be/tmiL8AVcwSQ
00LKhsrz_nU,Video de Diferencial dos variables -parte 2- Audio mejorado,https://youtu.be/00LKhsrz_nU
p3Oa6-xF9N4,Video de Diferencial dos variables -Parte 1- Audio Mejorado,https://youtu.be/p3Oa6-xF9N4
HUk3p7dm2nA,Video sobre el Metodo de fracciones parciales - ejemplo final,https://youtu.be/HUk3p7dm2nA
Y_CDKr32Xrs,Video del metodo de fracciones parciales - Paso 4,https://youtu.be/Y_CDKr32Xrs
w4-f-zii5ns,Video del metodo de fracciones parciales - Paso 2 y 3.,https://youtu.be/w4-f-zii5ns
bU51QbNOh6U,Video sobre el metodo de descomposición en fracciones parciales - Paso 1,https://youtu.be/bU51QbNOh6U
un1pj07tWT4,Video de Integral por fracciones parciales - introducción,https://youtu.be/un1pj07tWT4
9kB9jxMqolI,Suscribete a  nuestro canal.,https://youtu.be/9kB9jxMqolI
lHHiDWOGL2Q,Ejemplo #2,https://youtu.be/lHHiDWOGL2Q
W9M9up1nBNw,Ejemplo 1,https://youtu.be/W9M9up1nBNw
vLC2UtxiE3Q,Funciones crecientes y  decrecientes.,https://youtu.be/vLC2UtxiE3Q
7OEB-TVN9PI,Funciones crecientes y decrecientes- Ejemplo 2 -Academatica.com,https://youtu.be/7OEB-TVN9PI
5OFr30Qedos,Funciones crecientes y decrecientes- Ejemplo 1 - Academatica.com,https://youtu.be/5OFr30Qedos
gtn22OyQ71I,Funciones crecientes y decrecientes - Academatica.com,https://youtu.be/gtn22OyQ71I
emjucbFp4mo,Gráfica de funciones polinomiales,https://youtu.be/emjucbFp4mo
cvL5w3lJXoU,Funciones polinomiales - Comportamiento en el infinito,https://youtu.be/cvL5w3lJXoU
yvlYKZuI9W4,Funcion polinomial de tercer grado,https://youtu.be/yvlYKZuI9W4
eXhPtQGXlIg,Funciones polinomiales. Introducción,https://youtu.be/eXhPtQGXlIg
5LI3j9VqMLk,"Introducción a circuitos electricos. Resistencia, Corriente, Voltaje. Ley de Ohm.",https://youtu.be/5LI3j9VqMLk
2NQIHd7CB18,comparación de fracciones,https://youtu.be/2NQIHd7CB18
vaaGe-2dX1E,Fracciones equivalentes,https://youtu.be/vaaGe-2dX1E
DjIMSvEC2DA,simplificación de fracciones,https://youtu.be/DjIMSvEC2DA
yepAffNS8p8,Suma de fracciones - Academatica.com,https://youtu.be/yepAffNS8p8
dBsK1LBmVQg,¿Que es una fracción?,https://youtu.be/dBsK1LBmVQg
wdA5hIHemMA,Movimiento amortiguado libre   subamortiguado,https://youtu.be/wdA5hIHemMA
palGf74Yh5I,Movimiento amortiguado libre - críticamente amortiguado,https://youtu.be/palGf74Yh5I
e_W1nO97TIc,Movimiento amortiguado libre - Sobreamortiguado,https://youtu.be/e_W1nO97TIc
n-KCcG4qrjQ,Movimiento amortiguado libre,https://youtu.be/n-KCcG4qrjQ
H8V7LcDdSk0,Movimiento libre no amortiguado (Movimiento Armónico Simple),https://youtu.be/H8V7LcDdSk0
1AO-ZFDCoG0,Transforma de Laplace delta de Dirac,https://youtu.be/1AO-ZFDCoG0
Dqf8KscT5OA,Delta de Dirac,https://youtu.be/Dqf8KscT5OA
lmyTMeoJsnE,Función Escalón Unitario,https://youtu.be/lmyTMeoJsnE
l46sHCxk1Gw,Método de la superposicion - Ecuaciones diferenciales - ejemplo 3,https://youtu.be/l46sHCxk1Gw
C6rc1gq2MiY,Coeficientes indeterminados  - Ecuaciones diferenciales de segundo orden - ejemplo 2,https://youtu.be/C6rc1gq2MiY
PV4SIobZbPQ,Coeficientes indeterminados  - Ecuaciones diferenciales de segundo orden- Ejemplo 1,https://youtu.be/PV4SIobZbPQ
ky9L5vIX0jA,Coeficientes indeterminados - Ecuaciones diferenciales de segundo orden,https://youtu.be/ky9L5vIX0jA
dUbhCzc1OPI,Ecuaciones Diferenciales lineales homogeneas con coeficientes constantes   ejemplo 3,https://youtu.be/dUbhCzc1OPI
2y2CsxUGU8s,Ecuaciones Diferenciales lineales homogeneas con coeficientes constantes   ejemplo 2,https://youtu.be/2y2CsxUGU8s
YU-WY_H50iU,Ecuaciones Diferenciales lineales homogeneas con coeficientes constantes - ejemplo 1,https://youtu.be/YU-WY_H50iU
-JF3nd7JGH4,Ecuaciones Diferenciales lineales homogéneas con coeficientes constantes,https://youtu.be/-JF3nd7JGH4
p0_GqAMYNBE,Reducción de orden -  Ejemplo 1,https://youtu.be/p0_GqAMYNBE
yhChkh1VLwY,Reducción de Orden - Ecuaciones diferenciales de segundo orden,https://youtu.be/yhChkh1VLwY
M1g5SLpBCco,Como se hacen los videos en academatica.com,https://youtu.be/M1g5SLpBCco
AYTw_RdTuec,Parametro beta 2 de la recta de regresion por desviaciones. (Demostración),https://youtu.be/AYTw_RdTuec
bSRg6G6wik8,Sustitución Trigonometrica. (Ejemplo #5) Version 2012,https://youtu.be/bSRg6G6wik8
LHb1WTMg41Q,Sustitución Trigonometrica. (Ejemplo #4) Version 2012,https://youtu.be/LHb1WTMg41Q
4vX0Wp3vkGo,Sustitución Trigonometrica. (Ejemplo #3) Version 2012,https://youtu.be/4vX0Wp3vkGo
HKrOlkRPbKI,Sustitución Trigonometrica. (Ejemplo #2) Version 2012,https://youtu.be/HKrOlkRPbKI
jSTodkiEoWg,Sustitución Trigonometrica. (Ejemplo #1) Version 2012,https://youtu.be/jSTodkiEoWg
NHA-mhsQTTg,Sustitución trigonometrica (Identificación de los casos),https://youtu.be/NHA-mhsQTTg
mUgjhT8l3A0,Solución del ejercicio dejado en el video de intro a las sustitución trigonométrica,https://youtu.be/mUgjhT8l3A0
A4buzY72xio,Ejercicio Introductorio a las Integrales por Sustitución Trigonométrica,https://youtu.be/A4buzY72xio
Ans9yM9xKL0,Circuitos RC y RL - Aplicaciones Ecuaciones Diferenciales de primer Orden,https://youtu.be/Ans9yM9xKL0
zSVZddalAcY,Datación por radiocarbono - Aplicaciones de la ecuaciones diferenciales de primer orden,https://youtu.be/zSVZddalAcY
O_uHfPWEL74,Ecuaciones Diferenciales de primer orden - Aplicaciones - Periodo Medio - Desintegración,https://youtu.be/O_uHfPWEL74
CK8AuVOlOL0,Regresión Lineal Bivariada - Cuadrados Minimos - Demostración,https://youtu.be/CK8AuVOlOL0
a82-aYiyOHQ,Integrales Triples Sobre Regiones Generales (Parte 2),https://youtu.be/a82-aYiyOHQ
sfJtriQtHaI,Integrales Triples Sobre Regiones Generales (Parte 1),https://youtu.be/sfJtriQtHaI
EuBIuLXkglQ,Integrales Triples Sobre Cajas,https://youtu.be/EuBIuLXkglQ
2nWSW3SA-no,Crecimiento Poblacional. (Aplicaciones Ecuaciones diferenciales de primer orden),https://youtu.be/2nWSW3SA-no
lekw3MgIr20,Ecuaciones Diferenciales de Bernoulli. (Ejemplo #3),https://youtu.be/lekw3MgIr20
JzIV7PMX004,Ecuaciones Diferenciales de Bernoulli. (Ejemplo #2),https://youtu.be/JzIV7PMX004
yK3bUDeDKqY,Ecuaciones Diferenciales de Bernoulli,https://youtu.be/yK3bUDeDKqY
8pPKysgdcmI,Demostracion del limite del coseno menos 1 sobre x igual a cero (1-cos x)/x,https://youtu.be/8pPKysgdcmI
de3XsF3Ic4g,Video de límites:  limite del seno de x sobre x sen(x)/x,https://youtu.be/de3XsF3Ic4g
ENZfTEPWXn4,Demostración de la derivada del seno,https://youtu.be/ENZfTEPWXn4
PnYluXeNa6Q,Ecuaciones Diferenciales Casi-Homogeneas (Un caso especial),https://youtu.be/PnYluXeNa6Q
kdT2dJrdXVo,Ecuaciones Diferenciales Casi-Homogeneas (Ejemplo #2),https://youtu.be/kdT2dJrdXVo
sPTz1GyQVD4,Ecuaciones Diferenciales Casi-Homogeneas (Ejemplo #1),https://youtu.be/sPTz1GyQVD4
rm3lYMy3yKs,Como editar temas en WikiMatematica.org,https://youtu.be/rm3lYMy3yKs
T9sayf5jlEA,Ecuaciones Diferenciales Homogéneas - Academatica.com,https://youtu.be/T9sayf5jlEA
rMIRcTf0mUU,Ecuaciones Diferenciales Lineales de Primer Orden.,https://youtu.be/rMIRcTf0mUU
Lsj0Yy2zbeE,Teorema Divergencia,https://youtu.be/Lsj0Yy2zbeE
-xjJHlattmo,Demostración de la suma de cuadrados,https://youtu.be/-xjJHlattmo
1guHeST6Tzo,Demostración de la suma de i (Suma de Gauss),https://youtu.be/1guHeST6Tzo
N1lws0Ns5Ec,Notación Sigma (Versión Re-sincronisada),https://youtu.be/N1lws0Ns5Ec
F1hn3KzZi-U,Demostración n-esima suma de un constante,https://youtu.be/F1hn3KzZi-U
psRKyyHVe_8,Teorema de Stokes,https://youtu.be/psRKyyHVe_8
J5ixUmioRyM,Interpretación fisica del Rotacional,https://youtu.be/J5ixUmioRyM
WcKdulG7LBc,Interpretación fisica de la divergencia,https://youtu.be/WcKdulG7LBc
I3M3aVCzftI,Ecuaciones Diferenciales Casi Exactas (Factor Integrante),https://youtu.be/I3M3aVCzftI
UKttZ1xlQGE,Ecuaciones Diferenciales Exactas,https://youtu.be/UKttZ1xlQGE
1kXxuDuoS1Q,Ecuaciones Diferenciales de Variables Separables,https://youtu.be/1kXxuDuoS1Q
WHGrgyKhleA,Ecuaciones Diferenciales (Solución Particular) Video 3,https://youtu.be/WHGrgyKhleA
n3HaTXHk1vY,Ecuaciones Diferenciales (Como verificar soluciones) Video 2,https://youtu.be/n3HaTXHk1vY
JwfJ8Gl6CLw,Ecuaciones Diferenciales (Que son y como se clasifican) Video 1,https://youtu.be/JwfJ8Gl6CLw
wlfyxKlZRBM,Que portero!!!,https://youtu.be/wlfyxKlZRBM
a5p1ZDulfqs,Operaciones elementales de reglon y eliminacion gaussiana,https://youtu.be/a5p1ZDulfqs
JTmAOs_-_ts,Propiedades de la inversa de matrices,https://youtu.be/JTmAOs_-_ts
1LIF5jOUcF4,Transpuesta de una matriz,https://youtu.be/1LIF5jOUcF4
C7_6R6SbI48,Multiplicacion de matrices,https://youtu.be/C7_6R6SbI48
D5WodSzBbkE,Matrices y Suma de matrices,https://youtu.be/D5WodSzBbkE
WMn9UkXnzMM,transformada laplace del sen(at),https://youtu.be/WMn9UkXnzMM
IXmCycsSGBw,Ecuacion normal y vectorial de una linea (Algebra Lineal),https://youtu.be/IXmCycsSGBw
T00R8jv5VI0,Ángulo y ortogonalidad de vectores,https://youtu.be/T00R8jv5VI0
IGJReRvZ60Q,Distancia entre vectores,https://youtu.be/IGJReRvZ60Q
hUC2M3Bzmh4,Longitud de un vector,https://youtu.be/hUC2M3Bzmh4
Jvql5slmcZo,Producto punto y sus propiedades,https://youtu.be/Jvql5slmcZo
_pAnRc1vKqY,Desigualdad del triángulo (Demostración),https://youtu.be/_pAnRc1vKqY
toGd0ySt8nM,Desigualdad de Cauchy-Schwartz (Demostración),https://youtu.be/toGd0ySt8nM
mNoZDrQQUQ8,recetalibre.com,https://youtu.be/mNoZDrQQUQ8
ECDQxYZP4IQ,Strongvpn.com,https://youtu.be/ECDQxYZP4IQ
swPrC_KoNZM,Solución de ecuaciones diferenciales usando laplace,https://youtu.be/swPrC_KoNZM
0kZboBzKz2I,Transformada de laplace de una funcion periodica Ejemplo #1,https://youtu.be/0kZboBzKz2I
Ufyuaxvn44Y,Transformada de una funcion periodica,https://youtu.be/Ufyuaxvn44Y
fVsyAX-SR1E,Área entre curvas,https://youtu.be/fVsyAX-SR1E
O78Yqv1mVC0,Razones de Cambio (Ritmos Relacionados) 2011,https://youtu.be/O78Yqv1mVC0
eAMGXzAEAMc,Derivada Funciones Hiperbolicas y sus inversas,https://youtu.be/eAMGXzAEAMc
CETUNHozCao,Fracciones Parciales. (Parte 2),https://youtu.be/CETUNHozCao
PTEiToudt7I,Fracciones parciales (Parte 1),https://youtu.be/PTEiToudt7I
C6Tx7dT76f0,Series de taylor y maclaurin. Ejemplos,https://youtu.be/C6Tx7dT76f0
q7LmupmWd6Q,Sustitucion trigonometrica,https://youtu.be/q7LmupmWd6Q
NcVaobiIVe4,Series de taylor y maclaurin (2011),https://youtu.be/NcVaobiIVe4
Na-6a7MkfB0,Transformada de laplace de una convolución,https://youtu.be/Na-6a7MkfB0
bL2eUtKIjpg,Serie de potencias geometrica,https://youtu.be/bL2eUtKIjpg
vCHXf4AtHDM,Convergencia Absoluta,https://youtu.be/vCHXf4AtHDM
GoVmZTNdnbQ,Convergencia Series Alternadas,https://youtu.be/GoVmZTNdnbQ
jdeZZSaWsLs,Integrales Trigonométricas. (Parte 5),https://youtu.be/jdeZZSaWsLs
NEv3S9Iz3ns,Series de Potencias versión 2011,https://youtu.be/NEv3S9Iz3ns
2VLJ4O972iA,Criterio de Comparacion en el limite para series,https://youtu.be/2VLJ4O972iA
erQoqA9TH9w,Criterio Comparacion Directa de Series,https://youtu.be/erQoqA9TH9w
59wYaIo9E1U,P-series,https://youtu.be/59wYaIo9E1U
NnhvbuahWtg,Integrales Trigonométricas. (Parte 4),https://youtu.be/NnhvbuahWtg
37VtH0BvDKM,Integrales Trigonométricas. (Parte 3),https://youtu.be/37VtH0BvDKM
lqH-ZyKP1uQ,Integrales Trigonométricas. (Parte 2),https://youtu.be/lqH-ZyKP1uQ
hBrnLlouwes,Integrales Trigonométricas. (Parte 1),https://youtu.be/hBrnLlouwes
Y2rJ7bhHJAI,Regla de la cadena.,https://youtu.be/Y2rJ7bhHJAI
WJkeSNnHw1M,Derivada de funciones trigonometricas,https://youtu.be/WJkeSNnHw1M
906Xu336pSg,Criterio de la raiz,https://youtu.be/906Xu336pSg
z-NNuyVrCDk,Criterio del cociente,https://youtu.be/z-NNuyVrCDk
7Kvc0OmYdws,Integral por partes. Ejercicio #6.,https://youtu.be/7Kvc0OmYdws
vMYaG76FxRY,Integral por partes Ejemplo #5,https://youtu.be/vMYaG76FxRY
kWIpxVFr35o,Integral por partes. Ejercicio #4.,https://youtu.be/kWIpxVFr35o
Dghy1yuQogM,Integral por partes. Ejercicio #3.,https://youtu.be/Dghy1yuQogM
kJgpJf0k08A,Integral por partes. Ejercicio #2.,https://youtu.be/kJgpJf0k08A
XsP_98RMkqE,Integral por partes. Ejercicio #1.,https://youtu.be/XsP_98RMkqE
li-gZO73Snw,Integracion por partes,https://youtu.be/li-gZO73Snw
NTBp8LxkO1s,Regla de L'hopital y formas indeterminadas,https://youtu.be/NTBp8LxkO1s
E2ygZ7WG3x0,Ejemplo #5 Integrales por sustitucion,https://youtu.be/E2ygZ7WG3x0
IaUNGWixRts,Ejemplo #4 Integrales por sustitucion,https://youtu.be/IaUNGWixRts
iCGmBXU8_-M,Ejemplo #3 integrales por sustititucion,https://youtu.be/iCGmBXU8_-M
IB0gpB0hxoU,Ejemplo #2 Integrales por sustitucion,https://youtu.be/IB0gpB0hxoU
mTLm3dSmToU,Ejemplo #1 Integrales por sustitucion,https://youtu.be/mTLm3dSmToU
5AUW_bBeRDw,Integrales de funciones simetricas,https://youtu.be/5AUW_bBeRDw
x__EUowQsNI,Integrales por sustitucion,https://youtu.be/x__EUowQsNI
mpKJb8KQ73Y,Teorema Fundamental del calculo integral (Parte 2),https://youtu.be/mpKJb8KQ73Y
sXCJyT9SAAw,Criterio Integral para convergencia de series,https://youtu.be/sXCJyT9SAAw
_cVKho9_Bx8,Integrales Impropias,https://youtu.be/_cVKho9_Bx8
zWnHoEwOafw,Transformada de Laplace por definición (Ejemplo #6),https://youtu.be/zWnHoEwOafw
wE3KUSc6lng,Transformada de Laplace por definición (Ejemplo #5),https://youtu.be/wE3KUSc6lng
d8jaeidSh4k,Transformada de Laplace por definición (Ejemplo #4),https://youtu.be/d8jaeidSh4k
Vd9XU_dpMoU,Transformada de Laplace por definición (Ejemplo #3),https://youtu.be/Vd9XU_dpMoU
j9mwOxigQ6A,Transformada de Laplace por definición (Ejemplo #2),https://youtu.be/j9mwOxigQ6A
VOTMJRj6TFk,Transformada de Laplace por definición (Ejemplo #1),https://youtu.be/VOTMJRj6TFk
LHejbm-R3IA,longitud de arco en polares,https://youtu.be/LHejbm-R3IA
XLYZUj9_1hA,Series (Introduccion),https://youtu.be/XLYZUj9_1hA
nM0gAZstj08,Área en polares,https://youtu.be/nM0gAZstj08
1W2SBMzlVYc,Teorema Fundamental del calculo integral (Parte 1),https://youtu.be/1W2SBMzlVYc
QwAgIWikGwk,Propiedades de la integral definida,https://youtu.be/QwAgIWikGwk
WcCN1srJHhE,Integrales Definidas (Ejemplos),https://youtu.be/WcCN1srJHhE
CNbMRNOnDxo,Elipse (Parte 3),https://youtu.be/CNbMRNOnDxo
EPv_P_jgMNI,Elipse (Parte 2),https://youtu.be/EPv_P_jgMNI
vjcFeChS53Y,Integrales (Area bajo la curva) Parte 2,https://youtu.be/vjcFeChS53Y
rZdNPYOONts,Parabola,https://youtu.be/rZdNPYOONts
wR7Y8q8YQ5c,Elipse (Parte 1),https://youtu.be/wR7Y8q8YQ5c
1bi3B3JuJTU,Integral introducción (área bajo una curva),https://youtu.be/1bi3B3JuJTU
kr3M_PQXhSc,Pendiente en coordenadas polares,https://youtu.be/kr3M_PQXhSc
UVC5SC6lJPw,La circunferencia,https://youtu.be/UVC5SC6lJPw
9FnDluTyjbE,La recta (Parte 3),https://youtu.be/9FnDluTyjbE
X6xP0ZC-EF0,Notación Sigma (Sumatoria),https://youtu.be/X6xP0ZC-EF0
1P370WtRnfw,Coordenadas Polares - Academatica.com,https://youtu.be/1P370WtRnfw
Nn4vpyQJ-z4,Sucesiones (parte 2),https://youtu.be/Nn4vpyQJ-z4
ao7WQ9PlONM,Sucesiones (parte 1),https://youtu.be/ao7WQ9PlONM
eECoSOiakIE,La recta (Parte 2),https://youtu.be/eECoSOiakIE
rl_Vh4TCVZo,La recta (Parte 1),https://youtu.be/rl_Vh4TCVZo
6snJKG7d34c,Mate VII clase 2,https://youtu.be/6snJKG7d34c
HrMqzHnvb_U,Integral en parametricas,https://youtu.be/HrMqzHnvb_U
i2O6HxC83aE,Derivada en Coordenadas Parametricas,https://youtu.be/i2O6HxC83aE
I3HVZOVwhKU,Presión y Fuerza hidroestatica (Ejemplo #3),https://youtu.be/I3HVZOVwhKU
9GtZgCiHQic,Fuerza y Presión Hidroestatica (Ejemplo #2 ),https://youtu.be/9GtZgCiHQic
hrT2d1qsPpc,Nabla en Esfericas y Cilindricas,https://youtu.be/hrT2d1qsPpc
ipFawEkv6GI,Ecuaciones Parametricas,https://youtu.be/ipFawEkv6GI
0SkiPVm8Vyg,Maximos y minimos de funciones de una variable,https://youtu.be/0SkiPVm8Vyg
a5WFxx-nRRQ,Aproximaciones lineales y diferenciales,https://youtu.be/a5WFxx-nRRQ
e7XDtxQQs7M,Transforma de fourier (Mas ejemplos),https://youtu.be/e7XDtxQQs7M
UUbviVYvUDM,Teoremas de la transformada de Fourier,https://youtu.be/UUbviVYvUDM
OJohEnSqcfA,Transformada de Fourier (Ejemplo Teorema de traslación),https://youtu.be/OJohEnSqcfA
0sFpPcrrs2I,Transformada de Fourier,https://youtu.be/0sFpPcrrs2I
JlcJ6bWQOH4,Integral de Fourier (Ejemplo #1),https://youtu.be/JlcJ6bWQOH4
BJGyR3u-xWc,Integral de fourier Compleja,https://youtu.be/BJGyR3u-xWc
4Km7dCVTST4,Teorema Fundamental de las integrales de linea (Version con audio),https://youtu.be/4Km7dCVTST4
PkI2f1TP2-Y,Razones de cambio,https://youtu.be/PkI2f1TP2-Y
dmLOnKXIouI,Momentos y centro de masa,https://youtu.be/dmLOnKXIouI
H0WhkEqGqZQ,Presion y fuerza hidroestatica,https://youtu.be/H0WhkEqGqZQ
OHMLK9QF_bY,Presion y fuerza hidroestatica. Ejemplo 1,https://youtu.be/OHMLK9QF_bY
Ya4aHekr8E0,m7 clase 1 parte 2,https://youtu.be/Ya4aHekr8E0
kAVAnrxI5ss,M7 clase 1 parte 1,https://youtu.be/kAVAnrxI5ss
bDvNuj9b8Sg,Tutorial 2 Python. Operaciones aritmeticas,https://youtu.be/bDvNuj9b8Sg
68HrrAsE8GI,Como instalar Python,https://youtu.be/68HrrAsE8GI
KTrO_CYnsCw,Teorema de Green (Ejemplo),https://youtu.be/KTrO_CYnsCw
6USuC58PvdM,Teorema de Green. Parte 2,https://youtu.be/6USuC58PvdM
Fqn5js0gWRM,Teorema de Green. Parte 1,https://youtu.be/Fqn5js0gWRM
GiOi9QbebKo,Independencia de la trayectoria en una integral de linea (Ejemplo),https://youtu.be/GiOi9QbebKo
6Nf0m3GB-P8,Independencia de la trayectoria en una integral de linea,https://youtu.be/6Nf0m3GB-P8
lsLkf2i8KAc,Teorema fundamental de las integrales de linea (Ejemplo #1),https://youtu.be/lsLkf2i8KAc
2T6MBrkDnpw,Teorema fundamental de las integrales de linea,https://youtu.be/2T6MBrkDnpw
0SAjFcoZcGE,Integrales de linea sobre campos vectoriales (Ejemplo #1),https://youtu.be/0SAjFcoZcGE
bMkzXhyaLm0,Integrales de linea sobre campos vectoriales,https://youtu.be/bMkzXhyaLm0
Mlobjqytjjg,Integrales de linea (Ejemplo #2),https://youtu.be/Mlobjqytjjg
njmv9ZP_mqk,Integrales de linea (Ejemplo #1),https://youtu.be/njmv9ZP_mqk
86pot19atMs,Integrales de linea. Parte 2,https://youtu.be/86pot19atMs
QjsoFEU1rR4,Integrales de linea. Parte 1,https://youtu.be/QjsoFEU1rR4
hfnj3JWSRFo,Multiplicadores de Lagrange. Parte 2,https://youtu.be/hfnj3JWSRFo
v4hobyDhX4s,Multiplicadores de Lagrange. Parte 1,https://youtu.be/v4hobyDhX4s
pcGidaZbiCQ,Integrales dobles sobre regiones polares. Parte 2,https://youtu.be/pcGidaZbiCQ
jrFjZdQ57Ww,Integrales dobles sobre regiones polares. Parte 1,https://youtu.be/jrFjZdQ57Ww
8wGIsvZiSdQ,Integrales Dobles. Parte 4,https://youtu.be/8wGIsvZiSdQ
Eu42dT6QVj4,Integrales Dobles. Parte 3,https://youtu.be/Eu42dT6QVj4
aWGsjvbJSnk,Integrales Dobles. Parte 2,https://youtu.be/aWGsjvbJSnk
E8XmJtKITO8,Integrales Dobles. Parte 1,https://youtu.be/E8XmJtKITO8
65vVBWMLy50,Maximos y Minimos. Parte 2,https://youtu.be/65vVBWMLy50
TztJWxj7mgw,Maximos y Minimos. Parte 1,https://youtu.be/TztJWxj7mgw
wAD9LHuWx8A,Derivada Direccional. Parte 3,https://youtu.be/wAD9LHuWx8A
AMHGEM24KDY,Derivada Direccional. Parte 2.,https://youtu.be/AMHGEM24KDY
0DJwT-kE-1I,Derivada Direccional. Parte 1,https://youtu.be/0DJwT-kE-1I
sSJZHJlmdnA,Regla de la cadena para funciones de varias variables,https://youtu.be/sSJZHJlmdnA
emjiDfIy5pw,Diferencial en dos varibles. Parte 2,https://youtu.be/emjiDfIy5pw
rLO2_WSNk3g,Diferencial en dos varibles. Parte 1,https://youtu.be/rLO2_WSNk3g
R815KgIEurw,Planos Tangentes,https://youtu.be/R815KgIEurw
tiN_J9Fn4Bg,Derivadas Parciales Parte 2,https://youtu.be/tiN_J9Fn4Bg
bKGCity6dr8,Derivadas Parciales Parte 1,https://youtu.be/bKGCity6dr8
d4nJb51N_L4,Limites de funciones de dos variables,https://youtu.be/d4nJb51N_L4
qiMCi_Ps1eM,Curvas de Nivel Parte 2,https://youtu.be/qiMCi_Ps1eM
2HVlliiyjj0,Curvas de Nivel Parte 1,https://youtu.be/2HVlliiyjj0
vmNG0yX4JjM,Funciones de Varias Variables. Parte 2,https://youtu.be/vmNG0yX4JjM
P8QHsN-dS1s,Funciones de Varias Variables Parte 1,https://youtu.be/P8QHsN-dS1s
4VCItSuW-0g,Series de Fourier Parte 4,https://youtu.be/4VCItSuW-0g
bFH2jMIpVgo,Series de Fourier Parte 3,https://youtu.be/bFH2jMIpVgo
Ke3HtHytkNU,Series de Fourier Parte 2,https://youtu.be/Ke3HtHytkNU
ofL8L4myH-0,Series de Fourier Parte 1,https://youtu.be/ofL8L4myH-0
AIvcv-Xd8s0,Transformada de Laplace (Transformada de una derivada) Parte 6,https://youtu.be/AIvcv-Xd8s0
26KcMTGg4E8,Transformada de Laplace (Transformada de una derivada) Parte 5,https://youtu.be/26KcMTGg4E8
qX5Hjh2nnW8,Transformada de Laplace (Transformada de una derivada) Parte 4,https://youtu.be/qX5Hjh2nnW8
ddg5ZPPTDmU,Transformada de Laplace (Transformada de una derivada) Parte 3,https://youtu.be/ddg5ZPPTDmU
CtKpB4qIMj0,Transformada de Laplace (Transformada de una derivada) Parte 2,https://youtu.be/CtKpB4qIMj0
jCOMwH2Kphw,Transformada de Laplace (Transformada de una derivada) Parte 1,https://youtu.be/jCOMwH2Kphw
FhniK5EBOWs,Transformada de Laplace (Derivada de una trasformada) Parte 4,https://youtu.be/FhniK5EBOWs
iYfXMu4vl-k,Transformada de Laplace (Derivada de una trasformada) Parte 3,https://youtu.be/iYfXMu4vl-k
J4gzkY3cuWc,Transformada de Laplace (Derivada de una trasformada) Parte 2,https://youtu.be/J4gzkY3cuWc
cdE7R3XWu70,Transformada de Laplace (Derivada de una trasformada) Parte 1,https://youtu.be/cdE7R3XWu70
gwmFogzeAK8,Transformada de Laplace (2do Teorema de Traslacion) Parte 4,https://youtu.be/gwmFogzeAK8
3B4EeF82qmw,Transformada de Laplace (2do Teorema de Traslacion) Parte 3,https://youtu.be/3B4EeF82qmw
XUqxbybcUjQ,Transformada de Laplace (2do Teorema de Traslacion) Parte 2,https://youtu.be/XUqxbybcUjQ
ifykoqLgpn4,Transformada de Laplace (2do Teorema de Traslacion) Parte 1,https://youtu.be/ifykoqLgpn4
lwyRp2k3JqU,Transformada de Laplace 4/6,https://youtu.be/lwyRp2k3JqU
ykw32ooDhdU,Transformada de laplace 6/6,https://youtu.be/ykw32ooDhdU
lOq5dRDFWNI,Trasformada de Laplace 5/6 (Tansformada de t^n),https://youtu.be/lOq5dRDFWNI
haBLD96vlE8,"Transformada de Laplace 3/6 (Transformada de una constante, exponencial y corrimiento)",https://youtu.be/haBLD96vlE8
p45b0I-7NYA,Transformada de Laplace 2/6,https://youtu.be/p45b0I-7NYA
wNu80ZvG2JE,Transformada de Laplace 1/6 (De donde viene la transformada de Laplace),https://youtu.be/wNu80ZvG2JE
Q7dClG5_xyo,Distancia entre puntos en 3D,https://youtu.be/Q7dClG5_xyo
qQHgSbNImZ8,Ejemplos grafica de puntos 3d,https://youtu.be/qQHgSbNImZ8
Rx-8uYVYiyE,Sistema Coordenado Tridimensional 3D,https://youtu.be/Rx-8uYVYiyE
y2VtAWejht8,Integrar usando series,https://youtu.be/y2VtAWejht8
F25YXEk_WrQ,Criterio de la raiz,https://youtu.be/F25YXEk_WrQ
_ZEuaGf0jpU,Serie de Taylor de la exponencial.,https://youtu.be/_ZEuaGf0jpU
gLuAw_L3hlA,Serie de Taylor del Seno. (Parte2),https://youtu.be/gLuAw_L3hlA
5lBsbXKD6gA,Serie de taylor del seno. (Parte 1),https://youtu.be/5lBsbXKD6gA
hgjTy3Kr-9Y,Series de Taylor y Maclaurin,https://youtu.be/hgjTy3Kr-9Y
NHlNnlKtYcE,Serie de potencias geometrica,https://youtu.be/NHlNnlKtYcE
Wja2xSlek74,Criterio de la Raiz Ejemplo #3,https://youtu.be/Wja2xSlek74
f-JGnRTwmtU,Criterio de la Raiz Ejemplo #1,https://youtu.be/f-JGnRTwmtU
pgXkBdcARz4,Vitriolo (Hoy),https://youtu.be/pgXkBdcARz4
4Z7uRiAhcsM,Demo de una mi clase,https://youtu.be/4Z7uRiAhcsM
S8CPPg72Lqc,TimeLapse desde mi ventana,https://youtu.be/S8CPPg72Lqc
Yuni7gNVglM,De reversa de san jose pinula a galileo,https://youtu.be/Yuni7gNVglM
lVRzL12p-SA,De San jose pinula a la Galileo,https://youtu.be/lVRzL12p-SA
